"ՀԱՄԱՅՆՔ,ՄԱՐԶ","(17, 19]","(19, 29]","(29, 39]","(39, 49]","(49, 59]","(59, 69]","(69, 79]","(79, 120]",ՀԱՄԱՅՆՔ,ՄԱՐԶ,lat,lon
"ԱԲՈՎՅԱՆ, ԱՐԱՐԱՏ",13.0,229.0,287.0,191.0,220.0,210.0,36.0,38.0,Աբովյան,Արարատ,40.0510237,44.5473952
"ԱԲՈՎՅԱՆ, ԿՈՏԱՅՔ",576.0,6242.0,10886.0,8433.0,6721.0,7655.0,2962.0,1512.0,Աբովյան,Կոտայք,40.2736902,44.6081077
"ԱԳԱՐԱԿ(ԱՇՏԱՐԱԿ), ԱՐԱԳԱԾՈՏՆ",11.0,252.0,349.0,225.0,274.0,213.0,53.0,47.0,Ագարակ (Աշտարակ),Արագածոտն,40.3014822,44.2801594
"ԱԳԱՐԱԿԱՎԱՆ, ԱՐԱԳԱԾՈՏՆ",10.0,175.0,172.0,136.0,144.0,103.0,30.0,31.0,Ագարակավան,Արագածոտն,40.3328557,44.0706326
"ԱԶԱՏԱՄՈՒՏ, ՏԱՎՈՒՇ",31.0,267.0,612.0,583.0,172.0,530.0,116.0,33.0,Ազատամուտ,Տավուշ,40.9882155,45.2072695
"ԱԶԱՏԱՆ, ՇԻՐԱԿ",43.0,761.0,919.0,662.0,724.0,522.0,162.0,144.0,Ազատան,Շիրակ,40.7222384,43.8325921
"ԱԶԱՏԱՇԵՆ, ԱՐԱՐԱՏ",4.0,111.0,128.0,119.0,122.0,90.0,22.0,21.0,Ազատաշեն,Արարատ,40.1362467,44.4161917
"ԱԶԱՏԱՎԱՆ, ԱՐԱՐԱՏ",21.0,467.0,543.0,414.0,455.0,414.0,148.0,129.0,Ազատավան,Արարատ,39.9855753,44.5064986
"ԱԶՆՎԱՁՈՐ, ԼՈՌԻ",7.0,69.0,87.0,65.0,70.0,58.0,22.0,24.0,Ազնվաձոր,Լոռի,40.8762028,44.4274872
"ԱԼԱԳՅԱԶ, ԱՐԱԳԱԾՈՏՆ",54.0,590.0,786.0,799.0,688.0,421.0,149.0,64.0,Ալագյազ,Արագածոտն,40.680249,44.2875444
"ԱԼԱՇԿԵՐՏ, ԱՐՄԱՎԻՐ",11.0,266.0,367.0,257.0,241.0,231.0,57.0,46.0,Ալաշկերտ,Արմավիր,40.106025,44.0519756
"ԱԼԱՎԵՐԴԻ, ԼՈՌԻ",242.0,2685.0,4192.0,3308.0,3380.0,3366.0,1189.0,880.0,Ալավերդի,Լոռի,41.0911538,44.6590356
"ԱԽԹԱԼԱ, ԼՈՌԻ",61.0,746.0,1204.0,847.0,994.0,806.0,293.0,336.0,Ախթալա,Լոռի,41.149463,44.7635042
"ԱԽՈՒՐԻԿ, ՇԻՐԱԿ",11.0,158.0,196.0,126.0,183.0,109.0,37.0,36.0,Ախուրիկ,Շիրակ,40.7397094,43.7740026
"ԱԽՈՒՐՅԱՆ, ՇԻՐԱԿ",155.0,2228.0,3239.0,2280.0,2286.0,2081.0,629.0,414.0,Ախուրյան,Շիրակ,40.7806495,43.8997986
"ԱԽՊՐԱՁՈՐ, ԳԵՂԱՐՔՈՒՆԻՔ",3.0,59.0,56.0,41.0,50.0,26.0,1.0,9.0,Ախպրաձոր,Գեղարքունիք,40.0960447,45.6405596
"ԱԿՆԱԼԻՃ, ԱՐՄԱՎԻՐ",33.0,506.0,538.0,403.0,490.0,221.0,91.0,102.0,Ակնալիճ,Արմավիր,40.1405463,44.1607005
"ԱԿՆԱՂԲՅՈՒՐ, ՏԱՎՈՒՇ",7.0,72.0,65.0,72.0,69.0,41.0,21.0,38.0,Ակնաղբյուր,Տավուշ,40.9620148,45.1593431
"ԱԿՆԱՇԵՆ, ԱՐՄԱՎԻՐ",18.0,214.0,310.0,227.0,243.0,211.0,54.0,38.0,Ակնաշեն,Արմավիր,40.092946,44.2917904
"ԱԿՈՒՆՔ, ԱՐԱԳԱԾՈՏՆ",3.0,71.0,146.0,84.0,99.0,70.0,28.0,16.0,Ակունք,Արագածոտն,40.4253474,43.8999295
"ԱԿՈՒՆՔ, ԳԵՂԱՐՔՈՒՆԻՔ",50.0,646.0,748.0,515.0,558.0,356.0,92.0,125.0,Ակունք,Գեղարքունիք,40.1600142,45.7056783
"ԱԿՈՒՆՔ, ԿՈՏԱՅՔ",98.0,1241.0,1753.0,1149.0,1331.0,1058.0,239.0,252.0,Ակունք,Կոտայք,40.2676183,44.6810797
"ԱՂԱՎՆԱՏՈՒՆ, ԱՐՄԱՎԻՐ",27.0,497.0,641.0,383.0,489.0,374.0,104.0,110.0,Աղավնատուն,Արմավիր,40.2314017,44.2477669
"ԱՂՁՔ, ԱՐԱԳԱԾՈՏՆ",23.0,258.0,303.0,243.0,276.0,208.0,62.0,62.0,Աղձք,Արագածոտն,40.311385,44.2516304
"ԱՃԱՐԿՈՒՏ, ՏԱՎՈՒՇ",1.0,31.0,35.0,19.0,21.0,12.0,4.0,11.0,Աճարկուտ,Տավուշ,41.0358191,45.0851258
"ԱՄԱՍԻԱ, ԱՐՄԱՎԻՐ",13.0,145.0,184.0,125.0,152.0,95.0,32.0,22.0,Ամասիա,Արմավիր,40.0828813,43.9594531
"ԱՄԱՍԻԱ, ՇԻՐԱԿ",57.0,719.0,1056.0,626.0,889.0,607.0,175.0,133.0,Ամասիա,Շիրակ,40.9623166,43.7703252
"ԱՄԲԵՐԴ, ԱՐՄԱՎԻՐ",16.0,217.0,278.0,182.0,218.0,183.0,30.0,41.0,Ամբերդ,Արմավիր,40.2419094,44.2710995
"ԱՅԳԱՎԱՆ, ԱՐԱՐԱՏ",27.0,628.0,819.0,530.0,599.0,481.0,127.0,90.0,Այգավան,Արարատ,39.8752693,44.6683679
"ԱՅԳԵԶԱՐԴ, ԱՐԱՐԱՏ",41.0,480.0,712.0,456.0,457.0,485.0,114.0,117.0,Այգեզարդ,Արարատ,39.9592176,44.600243
"ԱՅԳԵԿ, ԱՐՄԱՎԻՐ",16.0,186.0,275.0,218.0,180.0,218.0,48.0,40.0,Այգեկ,Արմավիր,40.1912987,44.384146
"ԱՅԳԵՀՈՎԻՏ, ՏԱՎՈՒՇ",40.0,509.0,563.0,480.0,455.0,383.0,139.0,126.0,Այգեհովիտ,Տավուշ,41.0061962,45.2265072
"ԱՅԳԵՇԱՏ(ԱՐՄԱՎԻՐ), ԱՐՄԱՎԻՐ",13.0,236.0,318.0,257.0,265.0,227.0,59.0,52.0,Այգեշատ (Արմավիր),Արմավիր,40.0743437,44.0489315
"ԱՅԳԵՇԱՏ(ՎԱՂԱՐՇԱՊԱՏ), ԱՐՄԱՎԻՐ",10.0,204.0,310.0,176.0,251.0,185.0,43.0,56.0,Այգեշատ (Արմավիր),Արմավիր,40.0743437,44.0489315
"ԱՅԳԵՊԱՏ, ԱՐԱՐԱՏ",14.0,218.0,260.0,171.0,216.0,188.0,39.0,54.0,Այգեպատ,Արարատ,39.9566253,44.5924796
"ԱՅԳԵՍՏԱՆ, ԱՐԱՐԱՏ",29.0,321.0,579.0,369.0,371.0,384.0,103.0,103.0,Այգեստան,Արարատ,39.9999288,44.5583013
"ԱՅԳԵՎԱՆ, ԱՐՄԱՎԻՐ",16.0,260.0,265.0,205.0,266.0,201.0,47.0,59.0,Այգեվան,Արմավիր,40.1396135,43.9704234
"ԱՅՆԹԱՊ, ԱՐԱՐԱՏ",80.0,1305.0,1687.0,1261.0,1306.0,1096.0,362.0,260.0,Այնթապ,Արարատ,40.0944769,44.4598548
"ԱՅՐՈՒՄ, ՏԱՎՈՒՇ",92.0,1343.0,1982.0,1445.0,1443.0,1256.0,435.0,405.0,Այրում,Տավուշ,41.190269,44.9038963
"ԱՆԻ, ՇԻՐԱԿ",183.0,3236.0,4191.0,2871.0,3066.0,2493.0,685.0,546.0,Անի,Շիրակ,40.592612,43.7043674
"ԱՆՈՒՇԱՎԱՆ, ՇԻՐԱԿ",23.0,285.0,377.0,267.0,285.0,209.0,57.0,58.0,Անուշավան,Շիրակ,40.6536209,43.9768074
"ԱՆՏԱՌԱՄՈՒՏ, ԼՈՌԻ",2.0,37.0,51.0,34.0,39.0,57.0,11.0,18.0,Անտառամուտ,Լոռի,40.933443,44.5620927
"ԱՆՏԱՌԱՇԵՆ, ԼՈՌԻ",4.0,22.0,41.0,32.0,26.0,33.0,7.0,2.0,Անտառաշեն,Լոռի,40.748963,44.6194262
"ԱՆՏԱՌՈՒՏ, ԱՐԱԳԱԾՈՏՆ",1.0,41.0,39.0,48.0,36.0,46.0,12.0,10.0,Անտառուտ,Արագածոտն,40.3528281,44.2640202
"ԱՇՆԱԿ, ԱՐԱԳԱԾՈՏՆ",13.0,196.0,233.0,159.0,199.0,153.0,47.0,35.0,Աշնակ,Արագածոտն,40.3311053,43.9214606
"ԱՇՈՑՔ, ՇԻՐԱԿ",67.0,982.0,1444.0,976.0,1081.0,778.0,231.0,172.0,Աշոցք,Շիրակ,41.0374948,43.8614313
"ԱՇՏԱՐԱԿ, ԱՐԱԳԱԾՈՏՆ",227.0,2929.0,4419.0,3497.0,3291.0,3074.0,1204.0,807.0,Աշտարակ,Արագածոտն,40.2928735,44.3505077
"ԱՉԱՋՈՒՐ, ՏԱՎՈՒՇ",42.0,590.0,778.0,581.0,574.0,465.0,160.0,184.0,Աչաջուր,Տավուշ,40.9870217,45.1488049
"ԱՊԱԳԱ, ԱՐՄԱՎԻՐ",11.0,266.0,392.0,243.0,261.0,225.0,66.0,44.0,Ապագա,Արմավիր,40.0926142,44.2527413
"ԱՊԱՐԱՆ, ԱՐԱԳԱԾՈՏՆ",195.0,3166.0,4381.0,3088.0,3215.0,2567.0,715.0,677.0,Ապարան,Արագածոտն,40.5922068,44.3574379
"ԱՋԱՓՆՅԱԿ, ԵՐԵՎԱՆ",1045.0,12541.0,19409.0,15187.0,13823.0,14496.0,6210.0,3658.0,Աջափնյակ,Երեվան,40.2003857,44.4708963
"ԱՌԱՏԱՇԵՆ, ԱՐՄԱՎԻՐ",44.0,419.0,516.0,372.0,399.0,305.0,88.0,67.0,Առատաշեն,Արմավիր,40.130862,44.2234262
"ԱՌԱՓԻ, ՇԻՐԱԿ",27.0,236.0,247.0,249.0,222.0,187.0,99.0,57.0,Առափի,Շիրակ,40.7832947,43.8045228
"ԱՌԻՆՋ, ԿՈՏԱՅՔ",52.0,815.0,1089.0,849.0,880.0,832.0,263.0,217.0,Առինջ,Կոտայք,40.2336869,44.5820672
"ԱՍՏՂԱՁՈՐ, ԳԵՂԱՐՔՈՒՆԻՔ",58.0,619.0,758.0,472.0,562.0,381.0,103.0,103.0,Աստղաձոր,Գեղարքունիք,40.1259452,45.3543738
"ԱՎԱՆ, ԱՐԱԳԱԾՈՏՆ",6.0,147.0,154.0,102.0,124.0,92.0,32.0,20.0,Ավան,Արագածոտն,40.3344068,44.1490208
"ԱՎԱՆ, ԵՐԵՎԱՆ",545.0,5502.0,8843.0,8697.0,5295.0,6765.0,3323.0,1447.0,Ավան,Երեվան,40.3351948,44.1685681
"ԱՎՇԱՐ, ԱՐԱՐԱՏ",36.0,545.0,869.0,557.0,706.0,509.0,145.0,156.0,Ավշար,Արարատ,39.8549188,44.6788801
"ԱՐԱԲԿԻՐ, ԵՐԵՎԱՆ",1049.0,13003.0,18560.0,17078.0,15695.0,16050.0,9036.0,6051.0,Արաբկիր,Երեվան,40.2055633,44.508221
"ԱՐԱԳԱԾ, ԱՐՄԱՎԻՐ",22.0,361.0,537.0,323.0,460.0,344.0,79.0,87.0,Արագած,Արմավիր,40.2183145,44.2257428
"ԱՐԱԳԱԾԱՎԱՆ, ԱՐԱԳԱԾՈՏՆ",102.0,1364.0,1909.0,1357.0,1503.0,1066.0,338.0,283.0,Արագածավան,Արագածոտն,40.3196601,43.6600475
"ԱՐԱԳԱԾՈՏՆ, ԱՐԱԳԱԾՈՏՆ",11.0,127.0,193.0,166.0,124.0,111.0,45.0,21.0,Արագածոտն,Արագածոտն,40.3347301,44.3748296
"ԱՐԱԶԱՓ, ԱՐՄԱՎԻՐ",20.0,235.0,248.0,226.0,174.0,141.0,55.0,38.0,Արազափ,Արմավիր,40.0428574,44.1417581
"ԱՐԱԼԵԶ, ԱՐԱՐԱՏ",17.0,380.0,429.0,342.0,357.0,237.0,87.0,83.0,Արալեզ,Արարատ,39.900691,44.6474372
"ԱՐԱՄՈՒՍ, ԿՈՏԱՅՔ",43.0,516.0,752.0,487.0,540.0,443.0,88.0,93.0,Արամուս,Կոտայք,40.2469366,44.6655525
"ԱՐԱՐԱՏ, ԱՐԱՐԱՏ",161.0,2106.0,3334.0,2553.0,2117.0,2119.0,685.0,394.0,Արարատ,Արարատ,39.8320874,44.70493
"ԱՐԱՔՍ(ԱՐՄԱՎԻՐ), ԱՐՄԱՎԻՐ",14.0,232.0,270.0,238.0,230.0,193.0,58.0,66.0,Արաքս (Արմավիր),Արմավիր,40.095866,43.9418578
"ԱՐԱՔՍ(ՎԱՂԱՐՇԱՊԱՏ), ԱՐՄԱՎԻՐ",13.0,240.0,329.0,210.0,272.0,176.0,46.0,61.0,Արաքս (Արմավիր),Արմավիր,40.095866,43.9418578
"ԱՐԱՔՍԱՎԱՆ, ԱՐԱՐԱՏ",9.0,137.0,159.0,109.0,120.0,89.0,18.0,21.0,Արաքսավան,Արարատ,39.9994117,44.4673707
"ԱՐԲԱԹ, ԱՐԱՐԱՏ",27.0,309.0,403.0,236.0,307.0,218.0,48.0,61.0,Արբաթ,Արարատ,40.1374412,44.4031441
"ԱՐԳԱՎԱՆԴ, ԱՐԱՐԱՏ",18.0,264.0,338.0,251.0,263.0,252.0,88.0,61.0,Արգավանդ,Արարատ,40.154199,44.4345046
"ԱՐԳԱՎԱՆԴ, ԱՐՄԱՎԻՐ",28.0,334.0,477.0,302.0,360.0,251.0,59.0,51.0,Արգավանդ,Արմավիր,40.0616413,44.0843152
"ԱՐԳԵԼ, ԿՈՏԱՅՔ",29.0,358.0,615.0,419.0,423.0,426.0,81.0,67.0,Արգել,Կոտայք,40.3705555,44.5964855
"ԱՐԳԻՆԱ, ԱՐՄԱՎԻՐ",3.0,96.0,143.0,36.0,96.0,75.0,4.0,4.0,Արգինա,Արմավիր,40.2731195,43.739889
"ԱՐԵՆԻ, ՎԱՅՈՑ ՁՈՐ",90.0,1573.0,2048.0,1321.0,1651.0,1318.0,323.0,447.0,Արենի,Վայոց Ձոր,39.684311,45.212415
"ԱՐԵՎԱԲՈՒՅՐ, ԱՐԱՐԱՏ",14.0,176.0,250.0,144.0,176.0,122.0,43.0,31.0,Արեվաբույր,Արարատ,40.036548,44.469521
"ԱՐԵՎԱԴԱՇՏ, ԱՐՄԱՎԻՐ",6.0,57.0,100.0,59.0,48.0,52.0,9.0,3.0,Արեվադաշտ,Արմավիր,40.1328543,43.9315246
"ԱՐԵՎԱՇԱՏ, ԱՐՄԱՎԻՐ",19.0,208.0,315.0,236.0,256.0,223.0,69.0,43.0,Արեվաշատ,Արմավիր,40.1398055,44.3744412
"ԱՐԵՎԱՇՈՂ, ԼՈՌԻ",27.0,400.0,553.0,356.0,376.0,296.0,93.0,68.0,Արեվաշող,Լոռի,40.852747,44.2741475
"ԱՐԵՎԻԿ, ԱՐՄԱՎԻՐ",22.0,414.0,489.0,377.0,387.0,275.0,71.0,62.0,Արեվիկ,Արմավիր,40.1007248,44.0874159
"ԱՐԵՎՇԱՏ, ԱՐԱՐԱՏ",30.0,303.0,449.0,319.0,305.0,326.0,80.0,74.0,Արեվշատ,Արարատ,40.0404423,44.5397899
"ԱՐԵՎՇԱՏ, ՇԻՐԱԿ",19.0,300.0,350.0,214.0,282.0,162.0,44.0,33.0,Արեվշատ,Շիրակ,40.653807,44.0417111
"ԱՐԵՎՈՒՏ, ԱՐԱԳԱԾՈՏՆ",5.0,23.0,42.0,36.0,32.0,16.0,10.0,7.0,Արեվուտ,Արագածոտն,40.3628467,43.8039172
"ԱՐԶՆԻ, ԿՈՏԱՅՔ",43.0,369.0,486.0,401.0,318.0,345.0,132.0,135.0,Արզնի,Կոտայք,40.2982207,44.5971488
"ԱՐԹԻԿ, ՇԻՐԱԿ",183.0,2513.0,3865.0,2614.0,2436.0,2558.0,802.0,486.0,Արթիկ,Շիրակ,40.619903,43.9708162
"ԱՐԾՎԱՆԻՍՏ, ԳԵՂԱՐՔՈՒՆԻՔ",43.0,518.0,515.0,357.0,432.0,244.0,83.0,78.0,Արծվանիստ,Գեղարքունիք,40.145705,45.5109432
"ԱՐՄԱՇ, ԱՐԱՐԱՏ",22.0,364.0,500.0,294.0,376.0,279.0,91.0,80.0,Արմաշ,Արարատ,39.76624,44.8087498
"ԱՐՄԱՎԻՐ, ԱՐՄԱՎԻՐ",420.0,4531.0,6559.0,5397.0,4686.0,4766.0,1739.0,1115.0,Արմավիր,Արմավիր,40.08433,44.05456
"ԱՐՇԱԼՈՒՅՍ, ԱՐՄԱՎԻՐ",52.0,606.0,703.0,531.0,626.0,429.0,126.0,99.0,Արշալույս,Արմավիր,40.1667409,44.2123603
"ԱՐՈՒՃ, ԱՐԱԳԱԾՈՏՆ",10.0,170.0,193.0,158.0,181.0,78.0,35.0,46.0,Արուճ,Արագածոտն,40.2864761,44.0794576
"ԱՐՋՈՒՏ, ԼՈՌԻ",11.0,112.0,143.0,119.0,134.0,143.0,48.0,38.0,Արջուտ,Լոռի,40.8588244,44.3800237
"ԱՐՏԱՄԵՏ, ԱՐՄԱՎԻՐ",3.0,33.0,44.0,31.0,41.0,26.0,4.0,3.0,Արտամետ,Արմավիր,40.1229256,43.8588175
"ԱՐՏԱՇԱՎԱՆ, ԱՐԱԳԱԾՈՏՆ",5.0,113.0,115.0,83.0,104.0,61.0,19.0,36.0,Արտաշավան,Արագածոտն,40.3860848,44.3814118
"ԱՐՏԱՇԱՏ, ԱՐԱՐԱՏ",234.0,3213.0,5461.0,3743.0,3296.0,3879.0,1080.0,829.0,Արտաշատ,Արարատ,39.9535181,44.5519782
"ԱՐՏԱՇԱՐ, ԱՐՄԱՎԻՐ",18.0,213.0,196.0,143.0,171.0,102.0,21.0,17.0,Արտաշար,Արմավիր,40.1099342,44.1821217
"ԱՐՏԻՄԵՏ, ԱՐՄԱՎԻՐ",18.0,279.0,336.0,233.0,303.0,227.0,56.0,60.0,Արտիմետ,Արմավիր,40.1518048,44.2673774
"ԱՐՓԻ, ՇԻՐԱԿ",25.0,290.0,409.0,246.0,295.0,175.0,44.0,26.0,Արփի,Շիրակ,39.7389601,45.2669547
"ԲԱԳԱՐԱՆ, ԱՐՄԱՎԻՐ",3.0,117.0,118.0,85.0,99.0,74.0,15.0,16.0,Բագարան,Արմավիր,40.14317,43.6602026
"ԲԱԶՄԱՂԲՅՈՒՐ, ԱՐԱԳԱԾՈՏՆ",8.0,156.0,172.0,123.0,177.0,85.0,31.0,45.0,Բազմաղբյուր,Արագածոտն,40.3287376,44.319394
"ԲԱԶՈՒՄ, ԼՈՌԻ",17.0,238.0,314.0,249.0,236.0,185.0,60.0,34.0,Բազում,Լոռի,40.8658172,44.4435216
"ԲԱԼԱՀՈՎԻՏ, ԿՈՏԱՅՔ",43.0,474.0,662.0,445.0,516.0,425.0,168.0,101.0,Բալահովիտ,Կոտայք,40.2544003,44.6027766
"ԲԱՂՐԱՄՅԱՆ, ԱՐԱՐԱՏ",16.0,249.0,301.0,241.0,258.0,239.0,57.0,62.0,Բաղրամյան,Արարատ,40.2731195,43.739889
"ԲԱՂՐԱՄՅԱՆ, ԱՐՄԱՎԻՐ",5.0,133.0,233.0,99.0,147.0,116.0,22.0,22.0,Բաղրամյան,Արմավիր,40.1936124,43.8554399
"ԲԱՄԲԱԿԱՇԱՏ, ԱՐՄԱՎԻՐ",37.0,425.0,646.0,480.0,476.0,455.0,110.0,85.0,Բամբակաշատ,Արմավիր,40.1082397,44.0206741
"ԲԱՅԱՆԴՈՒՐ, ՇԻՐԱԿ",5.0,93.0,123.0,83.0,92.0,88.0,27.0,25.0,Բայանդուր,Շիրակ,40.6952453,43.769963
"ԲԱՐՁՐԱՇԵՆ, ԱՐԱՐԱՏ",15.0,200.0,277.0,244.0,174.0,213.0,57.0,37.0,Բարձրաշեն,Արարատ,40.0872927,44.5754005
"ԲԵՆԻԱՄԻՆ, ՇԻՐԱԿ",7.0,129.0,118.0,70.0,114.0,67.0,17.0,24.0,Բենիամին,Շիրակ,40.68852,43.8493211
"ԲԵՐԴ, ՏԱՎՈՒՇ",332.0,4238.0,5386.0,4256.0,4129.0,3488.0,1448.0,1751.0,Բերդ,Տավուշ,40.8837788,45.3923464
"ԲԵՐԴԻԿ, ԱՐԱՐԱՏ",10.0,153.0,145.0,124.0,137.0,117.0,35.0,27.0,Բերդիկ,Արարատ,39.9923195,44.5713665
"ԲԵՐԴԿՈՒՆՔ, ԳԵՂԱՐՔՈՒՆԻՔ",7.0,32.0,46.0,42.0,24.0,36.0,8.0,10.0,Բերդկունք,Գեղարքունիք,40.4439361,45.0997353
"ԲԵՐՔԱԲԵՐ, ՏԱՎՈՒՇ",6.0,79.0,98.0,83.0,70.0,63.0,21.0,34.0,Բերքաբեր,Տավուշ,41.0528661,45.1463667
"ԲԵՐՔԱՆՈՒՇ, ԱՐԱՐԱՏ",19.0,264.0,355.0,265.0,244.0,260.0,78.0,41.0,Բերքանուշ,Արարատ,39.9779916,44.522165
"ԲԵՐՔԱՇԱՏ, ԱՐՄԱՎԻՐ",7.0,95.0,105.0,68.0,88.0,52.0,15.0,11.0,Բերքաշատ,Արմավիր,40.0414734,43.9077382
"ԲՅՈՒՐԱԿԱՆ, ԱՐԱԳԱԾՈՏՆ",39.0,606.0,775.0,579.0,667.0,500.0,154.0,193.0,Բյուրական,Արագածոտն,40.3373909,44.272133
"ԲՅՈՒՐԱՎԱՆ, ԱՐԱՐԱՏ",15.0,172.0,273.0,184.0,182.0,188.0,42.0,37.0,Բյուրավան,Արարատ,40.0150745,44.5191627
"ԲՅՈՒՐԵՂԱՎԱՆ, ԿՈՏԱՅՔ",143.0,1263.0,2342.0,1625.0,1404.0,1527.0,440.0,290.0,Բյուրեղավան,Կոտայք,40.3137085,44.5970067
"ԲՈՒՐԱՍՏԱՆ, ԱՐԱՐԱՏ",23.0,313.0,446.0,268.0,314.0,307.0,79.0,60.0,Բուրաստան,Արարատ,39.9893515,44.4960658
"Գ.ԱՐԱՐԱՏ, ԱՐԱՐԱՏ",81.0,1101.0,1359.0,1002.0,1126.0,805.0,218.0,225.0,Արարատ,Արարատ,39.8320874,44.70493
"Գ.ԱՐՄԱՎԻՐ, ԱՐՄԱՎԻՐ",26.0,388.0,518.0,434.0,408.0,367.0,122.0,93.0,Արմավիր,Արմավիր,40.08433,44.05456
"Գ.ՄԱՍԻՍ, ԱՐԱՐԱՏ",14.0,203.0,318.0,224.0,248.0,165.0,70.0,63.0,Մասիս,Արարատ,39.9965321,44.4892913
"Գ.ՄԵԾԱՄՈՐ, ԱՐՄԱՎԻՐ",15.0,197.0,255.0,166.0,162.0,140.0,35.0,20.0,Մեծամոր,Արմավիր,40.071389,44.289167
"ԳԱՅ, ԱՐՄԱՎԻՐ",40.0,536.0,605.0,510.0,518.0,424.0,125.0,107.0,Գայ,Արմավիր,40.0853781,44.3075315
"ԳԱՆՁԱԿ, ԳԵՂԱՐՔՈՒՆԻՔ",29.0,532.0,758.0,653.0,568.0,497.0,191.0,125.0,Գանձակ,Գեղարքունիք,40.3249162,45.1099356
"ԳԱՆՁԱՔԱՐ, ՏԱՎՈՒՇ",46.0,520.0,551.0,542.0,426.0,358.0,150.0,138.0,Գանձաքար,Տավուշ,40.8373354,45.1588919
"ԳԱՌՆԱՀՈՎԻՏ, ԱՐԱԳԱԾՈՏՆ",4.0,58.0,58.0,44.0,73.0,32.0,9.0,20.0,Գառնահովիտ,Արագածոտն,40.4998493,43.954102
"ԳԱՌՆԻ, ԿՈՏԱՅՔ",92.0,1082.0,1499.0,962.0,1069.0,899.0,239.0,227.0,Գառնի,Կոտայք,40.1185127,44.7186328
"ԳԱՎԱՌ, ԳԵՂԱՐՔՈՒՆԻՔ",256.0,3408.0,5025.0,4372.0,4003.0,3598.0,1424.0,843.0,Գավառ,Գեղարքունիք,40.3513253,45.1272675
"ԳԵՂԱԴԻՐ, ԿՈՏԱՅՔ",4.0,98.0,137.0,84.0,128.0,68.0,16.0,28.0,Գեղադիր,Կոտայք,40.1568178,44.6558073
"ԳԵՂԱԿԵՐՏ, ԱՐՄԱՎԻՐ",27.0,353.0,528.0,299.0,444.0,323.0,84.0,86.0,Գեղակերտ,Արմավիր,40.1902151,44.2484712
"ԳԵՂԱՄԱՍԱՐ, ԳԵՂԱՐՔՈՒՆԻՔ",95.0,1157.0,1128.0,870.0,921.0,634.0,222.0,286.0,Գեղամասար,Գեղարքունիք,40.3093713,45.6803063
"ԳԵՂԱՄԱՎԱՆ, ԳԵՂԱՐՔՈՒՆԻՔ",19.0,223.0,314.0,233.0,259.0,185.0,47.0,50.0,Գեղամավան,Գեղարքունիք,40.56594,44.8947239
"ԳԵՂԱՆԻՍՏ, ԱՐԱՐԱՏ",34.0,386.0,527.0,424.0,410.0,388.0,115.0,80.0,Գեղանիստ,Արարատ,40.1475096,44.4050537
"ԳԵՂԱՆԻՍՏ, ՇԻՐԱԿ",13.0,155.0,225.0,138.0,177.0,122.0,34.0,32.0,Գեղանիստ,Շիրակ,40.6833388,44.020232
"ԳԵՂԱՇԵՆ, ԿՈՏԱՅՔ",30.0,635.0,788.0,503.0,586.0,431.0,103.0,99.0,Գեղաշեն,Կոտայք,40.2265321,44.723164
"ԳԵՂԱՍԱՐ, ԼՈՌԻ",4.0,156.0,113.0,89.0,129.0,66.0,29.0,37.0,Գեղասար,Լոռի,40.8466672,44.181545
"ԳԵՂԱՐԴ, ԿՈՏԱՅՔ",3.0,58.0,53.0,48.0,55.0,40.0,4.0,8.0,Գեղարդ,Կոտայք,40.154704,44.7992302
"ԳԵՂԱՐՔՈՒՆԻՔ, ԳԵՂԱՐՔՈՒՆԻՔ",18.0,259.0,332.0,235.0,243.0,208.0,51.0,55.0,Գեղարքունիք,Գեղարքունիք,40.2518621,45.1405799
"ԳԵՂԱՔԱՐ, ԳԵՂԱՐՔՈՒՆԻՔ",1.0,27.0,19.0,21.0,30.0,22.0,2.0,4.0,Գեղաքար,Գեղարքունիք,40.1162339,45.6851396
"ԳԵՂՀՈՎԻՏ, ԳԵՂԱՐՔՈՒՆԻՔ",67.0,958.0,1061.0,736.0,866.0,589.0,159.0,144.0,Գեղհովիտ,Գեղարքունիք,40.1005448,45.2812523
"ԳԵՏԱԶԱՏ, ԱՐԱՐԱՏ",16.0,314.0,406.0,279.0,277.0,294.0,52.0,56.0,Գետազատ,Արարատ,40.0383706,44.5657164
"ԳԵՏԱՀՈՎԻՏ, ՏԱՎՈՒՇ",23.0,300.0,396.0,310.0,305.0,257.0,87.0,80.0,Գետահովիտ,Տավուշ,40.8950649,45.1378873
"ԳԵՏԱՄԵՋ, ԿՈՏԱՅՔ",4.0,113.0,144.0,109.0,128.0,106.0,25.0,31.0,Գետամեջ,Կոտայք,40.2749267,44.5816751
"ԳԵՏԱՇԵՆ, ԱՐՄԱՎԻՐ",15.0,324.0,405.0,260.0,359.0,265.0,66.0,73.0,Գետաշեն,Արմավիր,40.0406492,43.9441648
"ԳԵՏԱՐԳԵԼ, ԿՈՏԱՅՔ",6.0,117.0,143.0,140.0,108.0,99.0,37.0,20.0,Գետարգել,Կոտայք,40.2440427,44.5924195
"ԳԵՏԱՓ, ՇԻՐԱԿ",6.0,136.0,150.0,94.0,140.0,90.0,25.0,22.0,Գետափ,Շիրակ,40.6569814,43.990202
"ԳԵՏԱՓՆՅԱ, ԱՐԱՐԱՏ",15.0,200.0,303.0,192.0,228.0,196.0,62.0,41.0,Գետափնյա,Արարատ,40.1376189,44.4292051
"ԳԵՏՔ, ՇԻՐԱԿ",7.0,85.0,105.0,70.0,94.0,56.0,17.0,22.0,Գետք,Շիրակ,40.728105,43.7848916
"ԳԻՆԵՎԵՏ, ԱՐԱՐԱՏ",7.0,97.0,124.0,81.0,103.0,75.0,21.0,14.0,Գինեվետ,Արարատ,39.9320059,44.622565
"ԳԼԱՁՈՐ, ՎԱՅՈՑ ՁՈՐ",50.0,754.0,1169.0,725.0,792.0,769.0,222.0,260.0,Գլաձոր,Վայոց Ձոր,39.7810056,45.3464337
"ԳՅՈՒԼԱԳԱՐԱԿ, ԼՈՌԻ",76.0,1149.0,1619.0,1090.0,1165.0,1041.0,304.0,300.0,Գյուլագարակ,Լոռի,40.9644892,44.474141
"ԳՅՈՒՄՐԻ, ՇԻՐԱԿ",1515.0,20027.0,26522.0,21436.0,20976.0,20188.0,8205.0,4910.0,Գյումրի,Շիրակ,40.7929026,43.8464971
"ԳՈԳԱՐԱՆ, ԼՈՌԻ",11.0,235.0,202.0,110.0,205.0,81.0,26.0,36.0,Գոգարան,Լոռի,40.8925096,44.1958845
"ԳՈՂԹ, ԿՈՏԱՅՔ",11.0,281.0,426.0,252.0,300.0,189.0,57.0,43.0,Գողթ,Կոտայք,40.1366726,44.7810683
"ԳՈՌԱՎԱՆ, ԱՐԱՐԱՏ",26.0,372.0,428.0,357.0,310.0,279.0,89.0,61.0,Գոռավան,Արարատ,39.9060954,44.7303597
"ԳՈՐԱՅՔ, ՍՅՈՒՆԻՔ",24.0,321.0,279.0,260.0,250.0,165.0,68.0,61.0,Գորայք,Սյունիք,39.681847,45.7609441
"ԳՈՐԻՍ, ՍՅՈՒՆԻՔ",319.0,3770.0,5066.0,4064.0,3576.0,3285.0,1367.0,892.0,Գորիս,Սյունիք,39.508988,46.343889
"ԳՈՒԳԱՐՔ, ԼՈՌԻ",58.0,669.0,955.0,850.0,727.0,792.0,306.0,137.0,Գուգարք,Լոռի,40.8021951,44.5395836
"ԳՐԻԲՈՅԵԴՈՎ, ԱՐՄԱՎԻՐ",22.0,303.0,335.0,260.0,297.0,212.0,64.0,58.0,Գրիբոյեդով,Արմավիր,40.1145846,44.2706023
"ԴԱԼԱՐ, ԱՐԱՐԱՏ",34.0,418.0,486.0,401.0,421.0,340.0,114.0,88.0,Դալար,Արարատ,39.9754634,44.5273861
"ԴԱԼԱՐԻԿ, ԱՐՄԱՎԻՐ",42.0,584.0,683.0,545.0,543.0,370.0,124.0,110.0,Դալարիկ,Արմավիր,40.2272711,43.8717749
"ԴԱՇՏ, ԱՐՄԱՎԻՐ",9.0,141.0,160.0,103.0,141.0,117.0,24.0,30.0,Դաշտ,Արմավիր,40.2254061,44.3000996
"ԴԱՇՏԱԴԵՄ, ԱՐԱԳԱԾՈՏՆ",3.0,105.0,75.0,84.0,95.0,52.0,25.0,18.0,Դաշտադեմ,Արագածոտն,40.3447608,43.8492142
"ԴԱՇՏԱՎԱՆ, ԱՐԱՐԱՏ",23.0,311.0,403.0,311.0,290.0,216.0,68.0,52.0,Դաշտավան,Արարատ,40.1014047,44.3906123
"ԴԱՇՏԱՔԱՐ, ԱՐԱՐԱՏ",5.0,107.0,93.0,79.0,81.0,57.0,16.0,12.0,Դաշտաքար,Արարատ,39.9240403,44.7561871
"ԴԱՎԹԱՇԵՆ, ԱՐԱԳԱԾՈՏՆ",8.0,100.0,138.0,81.0,114.0,104.0,21.0,22.0,Դավթաշեն,Արագածոտն,40.3586902,43.9574543
"ԴԱՎԹԱՇԵՆ, ԵՐԵՎԱՆ",356.0,4322.0,9245.0,5481.0,4657.0,6603.0,1832.0,887.0,Դավթաշեն,Երեվան,40.360296399999996,43.955878600000005
"ԴԱՐԱԿԵՐՏ, ԱՐԱՐԱՏ",33.0,370.0,429.0,382.0,370.0,332.0,113.0,82.0,Դարակերտ,Արարատ,40.1066831,44.4113751
"ԴԱՐԲՆԻԿ, ԱՐԱՐԱՏ",14.0,144.0,249.0,174.0,155.0,169.0,67.0,65.0,Դարբնիկ,Արարատ,40.1064437,44.37752
"ԴԱՐՊԱՍ, ԼՈՌԻ",18.0,232.0,334.0,272.0,260.0,244.0,81.0,68.0,Դարպաս,Լոռի,40.8381534,44.4226861
"ԴԴՄԱՇԵՆ, ԳԵՂԱՐՔՈՒՆԻՔ",21.0,362.0,428.0,285.0,396.0,254.0,73.0,85.0,Դդմաշեն,Գեղարքունիք,40.5684068,44.8157566
"ԴԴՄԱՍԱՐ, ԱՐԱԳԱԾՈՏՆ",0.0,17.0,27.0,23.0,33.0,16.0,8.0,4.0,Դդմասար,Արագածոտն,40.3414898,43.826948
"ԴԵԲԵԴ, ԼՈՌԻ",11.0,122.0,127.0,109.0,131.0,81.0,33.0,38.0,Դեբետ,Լոռի,40.9181083,44.6551019
"ԴԵՂՁՈՒՏ, ԱՐԱՐԱՏ",14.0,162.0,185.0,150.0,135.0,140.0,25.0,34.0,Դեղձուտ,Արարատ,40.0254847,44.5502453
"ԴԻԱՆ, ԱՐԱԳԱԾՈՏՆ",0.0,30.0,12.0,18.0,25.0,4.0,1.0,3.0,Դիան,Արագածոտն,40.3561677,44.0753782
"ԴԻԼԻՋԱՆ, ՏԱՎՈՒՇ",241.0,3139.0,4354.0,3921.0,3295.0,3251.0,1289.0,899.0,Դիլիջան,Տավուշ,40.7405524,44.8625965
"ԴԻՄԻՏՐՈՎ, ԱՐԱՐԱՏ",18.0,187.0,264.0,190.0,187.0,202.0,58.0,71.0,Դիմիտրով,Արարատ,40.0072152,44.4880651
"ԴԻՏԱԿ, ԱՐԱՐԱՏ",1.0,114.0,134.0,94.0,104.0,96.0,18.0,30.0,Դիտակ,Արարատ,40.0458059,44.5188265
"ԴԻՏԱՎԱՆ, ՏԱՎՈՒՇ",4.0,54.0,78.0,39.0,59.0,41.0,10.0,22.0,Դիտավան,Տավուշ,40.9750615,45.2072075
"ԴՈՂՍ, ԱՐՄԱՎԻՐ",16.0,200.0,263.0,193.0,218.0,160.0,40.0,29.0,Դողս,Արմավիր,40.2213038,44.271441
"ԴՊՐԵՎԱՆՔ, ԱՐԱԳԱԾՈՏՆ",1.0,7.0,12.0,8.0,7.0,8.0,5.0,11.0,Դպրեվանք,Արագածոտն,40.2944109,44.0976003
"ԴՍԵՂ, ԼՈՌԻ",27.0,304.0,334.0,263.0,328.0,283.0,80.0,117.0,Դսեղ,Լոռի,40.9601296,44.6494609
"ԴՎԻՆ, ԱՐԱՐԱՏ",24.0,388.0,619.0,368.0,432.0,390.0,97.0,88.0,Դվին,Արարատ,40.0179745,44.5841127
"ԵՂԵԳԻՍ, ՎԱՅՈՑ ՁՈՐ",56.0,949.0,1119.0,683.0,984.0,675.0,169.0,302.0,Եղեգիս,Վայոց Ձոր,39.8726158,45.3575191
"ԵՂԵԳՆԱՁՈՐ, ՎԱՅՈՑ ՁՈՐ",90.0,1123.0,1756.0,1368.0,1097.0,1372.0,421.0,290.0,Եղեգնաձոր,Վայոց Ձոր,39.7632738,45.3307882
"ԵՂԵԳՆԱՎԱՆ, ԱՐԱՐԱՏ",12.0,191.0,238.0,167.0,171.0,154.0,56.0,93.0,Եղեգնավան,Արարատ,39.8368552,44.6220629
"ԵՂԵԳՆՈՒՏ, ԱՐՄԱՎԻՐ",25.0,294.0,406.0,231.0,261.0,247.0,42.0,34.0,Եղեգնուտ,Արմավիր,40.0876423,44.1528189
"ԵՂԵԳՆՈՒՏ, ԼՈՌԻ",4.0,128.0,109.0,96.0,134.0,94.0,26.0,57.0,Եղեգնուտ,Լոռի,40.9023874,44.6295441
"ԵՂՆԻԿ, ԱՐԱԳԱԾՈՏՆ",2.0,60.0,65.0,52.0,77.0,47.0,6.0,13.0,Եղնիկ,Արագածոտն,40.4076441,43.9405595
"ԵՂՎԱՐԴ, ԿՈՏԱՅՔ",268.0,3263.0,4728.0,3483.0,3217.0,3006.0,976.0,661.0,Եղվարդ,Կոտայք,40.321114,44.4728172
"ԵՆՈՔԱՎԱՆ, ՏԱՎՈՒՇ",4.0,77.0,84.0,66.0,94.0,52.0,12.0,35.0,Ենոքավան,Տավուշ,40.9134832,45.1087644
"ԵՐԱԶԳԱՎՈՐՍ, ՇԻՐԱԿ",14.0,185.0,307.0,179.0,178.0,191.0,63.0,25.0,Երազգավորս,Շիրակ,40.7031503,43.7750216
"ԵՐԱՆՈՍ, ԳԵՂԱՐՔՈՒՆԻՔ",54.0,799.0,929.0,640.0,718.0,407.0,115.0,129.0,Երանոս,Գեղարքունիք,40.2061753,45.1879527
"ԵՐԱՍԽ, ԱՐԱՐԱՏ",8.0,139.0,178.0,100.0,107.0,89.0,18.0,14.0,Երասխ,Արարատ,39.7383492,44.8346993
"ԵՐԱՍԽԱՀՈՒՆ, ԱՐՄԱՎԻՐ",21.0,240.0,305.0,216.0,229.0,167.0,37.0,25.0,Երասխահուն,Արմավիր,40.0743352,44.2166164
"ԵՐՎԱՆԴԱՇԱՏ, ԱՐՄԱՎԻՐ",7.0,133.0,125.0,75.0,118.0,64.0,12.0,15.0,Երվանդաշատ,Արմավիր,40.1176537,43.6713995
"ԶԱՆԳԱԿԱՏՈՒՆ, ԱՐԱՐԱՏ",12.0,169.0,190.0,169.0,169.0,116.0,37.0,56.0,Զանգակատուն,Արարատ,39.8198558,45.0414019
"ԶԱՌԻԹԱՓ, ՎԱՅՈՑ ՁՈՐ",47.0,630.0,654.0,477.0,568.0,440.0,134.0,200.0,Զառիթափ,Վայոց Ձոր,39.6368321,45.5102164
"ԶԱՐԹՈՆՔ, ԱՐՄԱՎԻՐ",10.0,322.0,383.0,263.0,284.0,217.0,64.0,50.0,Զարթոնք,Արմավիր,40.1045485,44.1561788
"ԶԱՐԻՆՋԱ, ԱՐԱԳԱԾՈՏՆ",7.0,85.0,126.0,71.0,111.0,45.0,17.0,12.0,Զարինջա,Արագածոտն,40.4793929,43.7812397
"ԶՈԼԱՔԱՐ, ԳԵՂԱՐՔՈՒՆԻՔ",68.0,979.0,1240.0,780.0,918.0,666.0,191.0,150.0,Զոլաքար,Գեղարքունիք,40.1232884,45.3751965
"ԶՈՎԱԲԵՐ, ԳԵՂԱՐՔՈՒՆԻՔ",22.0,240.0,235.0,199.0,238.0,146.0,47.0,57.0,Զովաբեր,Գեղարքունիք,40.5657456,44.7894489
"ԶՈՎԱՍԱՐ, ԱՐԱԳԱԾՈՏՆ",6.0,80.0,94.0,58.0,91.0,44.0,17.0,21.0,Զովասար,Արագածոտն,40.4764353,43.949406
"ԶՈՐԱԿ, ԱՐԱՐԱՏ",20.0,266.0,317.0,261.0,218.0,218.0,110.0,79.0,Զորակ,Արարատ,40.0911416,44.3907546
"ԷՐԵԲՈՒՆԻ, ԵՐԵՎԱՆ",1167.0,14415.0,20776.0,17625.0,15059.0,16068.0,6485.0,3509.0,Էրեբունի,Երեվան,40.1434254,44.5336231
"ԹԱԹՈՒԼ, ԱՐԱԳԱԾՈՏՆ",9.0,121.0,157.0,123.0,113.0,102.0,29.0,27.0,Թաթուլ,Արագածոտն,40.3865863,43.8152606
"ԹԱԼԻՆ, ԱՐԱԳԱԾՈՏՆ",64.0,832.0,1292.0,971.0,866.0,852.0,263.0,150.0,Թալին,Արագածոտն,40.3822607,43.8782737
"ԹԵՂԵՆԻՔ, ԿՈՏԱՅՔ",2.0,76.0,92.0,70.0,77.0,69.0,19.0,13.0,Թեղենիք,Կոտայք,40.4248287,44.5802464
"ԹԼԻԿ, ԱՐԱԳԱԾՈՏՆ",2.0,18.0,46.0,7.0,21.0,19.0,8.0,3.0,Թլիկ,Արագածոտն,40.4121442,43.6205129
"ԹՈՒՄԱՆՅԱՆ, ԼՈՌԻ",47.0,573.0,801.0,544.0,688.0,562.0,177.0,177.0,Թումանյան,Լոռի,41.000927,44.6544515
"ԻՋԵՎԱՆ, ՏԱՎՈՒՇ",198.0,2225.0,3387.0,2641.0,2203.0,2321.0,783.0,618.0,Իջեվան,Տավուշ,40.8791442,45.1470572
"ԻՐԻՆԴ, ԱՐԱԳԱԾՈՏՆ",10.0,145.0,126.0,112.0,119.0,80.0,31.0,22.0,Իրինդ,Արագածոտն,40.3886193,43.9724711
"ԼԱՆՋԱԶԱՏ, ԱՐԱՐԱՏ",18.0,222.0,335.0,204.0,218.0,200.0,38.0,32.0,Լանջազատ,Արարատ,40.0614972,44.5784971
"ԼԱՆՋԱՂԲՅՈՒՐ, ԳԵՂԱՐՔՈՒՆԻՔ",19.0,330.0,417.0,330.0,305.0,256.0,73.0,60.0,Լանջաղբյուր,Գեղարքունիք,40.2706832,45.135943
"ԼԱՆՋԱՌ, ԱՐԱՐԱՏ",2.0,30.0,29.0,24.0,29.0,17.0,7.0,16.0,Լանջառ,Արարատ,39.8274982,44.9715312
"ԼԵՆՈՒՂԻ, ԱՐՄԱՎԻՐ",20.0,278.0,260.0,245.0,235.0,166.0,61.0,65.0,Լենուղի,Արմավիր,40.1255663,43.9655728
"ԼԵՌՆԱԳՈԳ, ԱՐՄԱՎԻՐ",23.0,250.0,534.0,274.0,257.0,326.0,69.0,25.0,Լեռնագոգ,Արմավիր,40.2401493,43.8714444
"ԼԵՌՆԱԿԵՐՏ, ՇԻՐԱԿ",16.0,279.0,218.0,169.0,225.0,89.0,28.0,34.0,Լեռնակերտ,Շիրակ,40.5627531,43.9338005
"ԼԵՌՆԱՄԵՐՁ, ԱՐՄԱՎԻՐ",2.0,61.0,97.0,71.0,73.0,53.0,13.0,14.0,Լեռնամերձ,Արմավիր,40.2585933,44.2629824
"ԼԵՌՆԱՆԻՍՏ, ԿՈՏԱՅՔ",26.0,413.0,499.0,385.0,398.0,303.0,78.0,66.0,Լեռնանիստ,Կոտայք,40.4670674,44.7899209
"ԼԵՌՆԱՆՑՔ, ԼՈՌԻ",20.0,240.0,220.0,190.0,197.0,125.0,53.0,31.0,Լեռնանցք,Լոռի,40.7951256,44.2750982
"ԼԵՌՆԱՊԱՏ, ԼՈՌԻ",18.0,310.0,310.0,281.0,305.0,157.0,96.0,69.0,Լեռնապատ,Լոռի,40.819558,44.3858713
"ԼԵՌՆԱՎԱՆ, ԼՈՌԻ",11.0,287.0,264.0,172.0,247.0,120.0,44.0,57.0,Լեռնավան,Լոռի,40.7888516,44.1614593
"ԼԵՌՆԱՐՈՏ, ԱՐԱԳԱԾՈՏՆ",8.0,43.0,55.0,48.0,39.0,26.0,18.0,14.0,Լեռնարոտ,Արագածոտն,40.3488025,44.1121961
"ԼԵՐՄՈՆՏՈՎՈ, ԼՈՌԻ",12.0,91.0,127.0,89.0,97.0,70.0,34.0,27.0,Լերմոնտովո,Լոռի,40.7607962,44.6351852
"ԼԻՃՔ, ԳԵՂԱՐՔՈՒՆԻՔ",46.0,720.0,973.0,541.0,628.0,504.0,112.0,99.0,Լիճք,Գեղարքունիք,40.1626876,45.2325796
"ԼՃԱՇԵՆ, ԳԵՂԱՐՔՈՒՆԻՔ",52.0,565.0,651.0,543.0,587.0,418.0,163.0,128.0,Լճաշեն,Գեղարքունիք,40.5166074,44.9369052
"ԼՃԱՎԱՆ, ԳԵՂԱՐՔՈՒՆԻՔ",10.0,112.0,89.0,60.0,80.0,46.0,7.0,22.0,Լճավան,Գեղարքունիք,40.1527656,45.6101
"ԼՃԱՓ, ԳԵՂԱՐՔՈՒՆԻՔ",16.0,184.0,223.0,131.0,163.0,102.0,34.0,29.0,Լճափ,Գեղարքունիք,40.4569225,45.0735108
"ԼՈՌԻ ԲԵՐԴ, ԼՈՌԻ",46.0,761.0,960.0,733.0,720.0,638.0,268.0,209.0,Լոռի Բերդ,Լոռի,41.0140851,44.4123947
"ԼՈՒԿԱՇԻՆ, ԱՐՄԱՎԻՐ",29.0,392.0,459.0,331.0,379.0,261.0,88.0,75.0,Լուկաշին,Արմավիր,40.1851386,44.0033056
"ԼՈՒՍԱԳՅՈՒՂ, ԱՐՄԱՎԻՐ",12.0,149.0,167.0,145.0,129.0,106.0,41.0,27.0,Լուսագյուղ,Արմավիր,40.0863582,44.2710704
"ԼՈՒՍԱԿԵՐՏ, ՇԻՐԱԿ",4.0,123.0,86.0,87.0,108.0,50.0,18.0,25.0,Լուսակերտ,Շիրակ,40.6716363,43.8550388
"ԼՈՒՍԱԿՈՒՆՔ, ԳԵՂԱՐՔՈՒՆԻՔ",13.0,216.0,285.0,155.0,205.0,126.0,52.0,47.0,Լուսակունք,Գեղարքունիք,40.1778386,45.6939263
"ԼՈՒՍԱՀՈՎԻՏ, ՏԱՎՈՒՇ",3.0,52.0,52.0,31.0,58.0,35.0,9.0,21.0,Լուսահովիտ,Տավուշ,40.9159678,45.1896851
"ԼՈՒՍԱՁՈՐ, ՏԱՎՈՒՇ",5.0,103.0,106.0,95.0,105.0,68.0,25.0,23.0,Լուսաձոր,Տավուշ,40.9370589,45.1512901
"ԼՈՒՍԱՇՈՂ, ԱՐԱՐԱՏ",7.0,101.0,87.0,56.0,79.0,47.0,11.0,22.0,Լուսաշող,Արարատ,39.8529692,44.9766939
"ԼՈՒՍԱՌԱՏ, ԱՐԱՐԱՏ",28.0,330.0,453.0,365.0,356.0,276.0,85.0,82.0,Լուսառատ,Արարատ,39.872384,44.5906691
"ԽԱՆՋՅԱՆ, ԱՐՄԱՎԻՐ",23.0,377.0,307.0,289.0,318.0,173.0,55.0,41.0,Խանջյան,Արմավիր,40.1874031,43.9771627
"ԽԱՇԹԱՌԱԿ, ՏԱՎՈՒՇ",15.0,243.0,317.0,206.0,275.0,197.0,78.0,118.0,Խաշթառակ,Տավուշ,40.9370022,45.1804861
"ԽԱՉԱՂԲՅՈՒՐ, ԳԵՂԱՐՔՈՒՆԻՔ",10.0,225.0,196.0,166.0,160.0,106.0,39.0,34.0,Խաչաղբյուր,Գեղարքունիք,40.1675531,45.693764
"ԽԱՉՓԱՐ, ԱՐԱՐԱՏ",20.0,236.0,335.0,233.0,291.0,256.0,104.0,109.0,Խաչփառ,Արարատ,40.1220135,44.4007482
"ԽՆԿՈՅԱՆ, ԼՈՌԻ",1.0,60.0,44.0,33.0,51.0,22.0,6.0,18.0,Խնկոյան,Լոռի,40.8371669,44.0254872
"ԽՈՐՈՆՔ, ԱՐՄԱՎԻՐ",29.0,369.0,507.0,315.0,383.0,317.0,80.0,50.0,Խորոնք,Արմավիր,40.1361855,44.2441818
"ԾԱԿՔԱՐ, ԳԵՂԱՐՔՈՒՆԻՔ",22.0,410.0,554.0,298.0,350.0,216.0,69.0,81.0,Ծակքար,Գեղարքունիք,40.180357,45.2243672
"ԾԱՂԿԱԲԵՐ, ԼՈՌԻ",10.0,217.0,238.0,129.0,209.0,105.0,29.0,46.0,Ծաղկաբեր,Լոռի,40.8013178,44.1003659
"ԾԱՂԿԱԼԱՆՋ, ԱՐՄԱՎԻՐ",12.0,196.0,276.0,197.0,232.0,145.0,40.0,47.0,Ծաղկալանջ,Արմավիր,40.1977715,44.2300731
"ԾԱՂԿԱՀՈՎԻՏ, ԱՐԱԳԱԾՈՏՆ",104.0,1596.0,1843.0,1268.0,1444.0,975.0,258.0,255.0,Ծաղկահովիտ,Արագածոտն,40.6392116,44.2226852
"ԾԱՂԿԱՁՈՐ, ԿՈՏԱՅՔ",15.0,184.0,240.0,228.0,193.0,220.0,69.0,40.0,Ծաղկաձոր,Կոտայք,40.5317434,44.7159759
"ԾԱՂԿԱՇԵՆ, ԳԵՂԱՐՔՈՒՆԻՔ",1.0,81.0,102.0,62.0,70.0,45.0,16.0,10.0,Ծաղկաշեն,Գեղարքունիք,40.5031528,44.355093700000005
"ԾԱՂԿԱՍԱՐ, ԱՐԱԳԱԾՈՏՆ",3.0,14.0,10.0,10.0,18.0,5.0,1.0,7.0,Ծաղկասար,Արագածոտն,40.4713371,43.9048852
"ԾԱՂԿԱՎԱՆ, ՏԱՎՈՒՇ",11.0,67.0,126.0,71.0,77.0,67.0,25.0,27.0,Ծաղկավան,Տավուշ,41.0284329,45.1212391
"ԾԱՂԿՈՒՆՔ, ԱՐՄԱՎԻՐ",16.0,182.0,231.0,175.0,181.0,180.0,49.0,32.0,Ծաղկունք,Արմավիր,40.1774628,44.2669524
"ԾԱՂԿՈՒՆՔ, ԳԵՂԱՐՔՈՒՆԻՔ",15.0,145.0,179.0,127.0,145.0,103.0,41.0,33.0,Ծաղկունք,Գեղարքունիք,40.5764773,44.8700417
"ԾԻԱԾԱՆ, ԱՐՄԱՎԻՐ",17.0,203.0,191.0,144.0,186.0,127.0,30.0,36.0,Ծիածան,Արմավիր,40.1852285,44.2668203
"ԾՈՎԱԳՅՈՒՂ, ԳԵՂԱՐՔՈՒՆԻՔ",53.0,630.0,641.0,566.0,577.0,382.0,129.0,116.0,Ծովագյուղ,Գեղարքունիք,40.6310675,44.9630987
"ԾՈՎԱԶԱՐԴ, ԳԵՂԱՐՔՈՒՆԻՔ",22.0,272.0,420.0,248.0,304.0,250.0,67.0,66.0,Ծովազարդ,Գեղարքունիք,40.4776836,45.0525325
"ԾՈՎԱԿ, ԳԵՂԱՐՔՈՒՆԻՔ",23.0,435.0,460.0,311.0,379.0,234.0,73.0,96.0,Ծովակ,Գեղարքունիք,40.1808565,45.6365787
"ԾՈՎԱՍԱՐ, ԳԵՂԱՐՔՈՒՆԻՔ",23.0,490.0,458.0,348.0,376.0,180.0,70.0,55.0,Ծովասար,Գեղարքունիք,40.1367469,45.1876561
"ԾՈՎԻՆԱՐ, ԳԵՂԱՐՔՈՒՆԻՔ",44.0,626.0,794.0,555.0,683.0,423.0,149.0,174.0,Ծովինար,Գեղարքունիք,40.1587936,45.4693737
"ԿԱԹՆԱՂԲՅՈՒՐ, ԱՐԱԳԱԾՈՏՆ",9.0,211.0,240.0,183.0,202.0,155.0,44.0,46.0,Կաթնաղբյուր,Արագածոտն,40.3799459,43.9383172
"ԿԱԹՆԱՂԲՅՈՒՐ, ԿՈՏԱՅՔ",4.0,90.0,106.0,80.0,89.0,80.0,15.0,15.0,Կաթնաղբյուր,Կոտայք,40.2553916,44.6722125
"ԿԱԹՆԱՋՈՒՐ, ԼՈՌԻ",18.0,271.0,326.0,203.0,272.0,189.0,41.0,65.0,Կաթնաջուր,Լոռի,40.8226988,44.1422832
"ԿԱՄԱՐԻՍ, ԿՈՏԱՅՔ",18.0,315.0,409.0,317.0,335.0,228.0,73.0,40.0,Կամարիս,Կոտայք,40.2367283,44.6917527
"ԿԱՆԱՉՈՒՏ, ԱՐԱՐԱՏ",7.0,165.0,240.0,173.0,172.0,182.0,46.0,44.0,Կանաչուտ,Արարատ,40.0100972,44.5452051
"ԿԱՆՉ, ԱՐԱԳԱԾՈՏՆ",4.0,24.0,29.0,30.0,27.0,22.0,6.0,3.0,Կանչ,Արագածոտն,40.3827585,43.728881
"ԿԱՊԱՆ, ՍՅՈՒՆԻՔ",436.0,4876.0,7954.0,6033.0,5637.0,6016.0,2177.0,1689.0,Կապան,Սյունիք,39.2077209,46.4067952
"ԿԱՐԲԻ, ԱՐԱԳԱԾՈՏՆ",44.0,606.0,797.0,525.0,584.0,429.0,144.0,106.0,Կարբի,Արագածոտն,40.3278465,44.3717602
"ԿԱՐՃԱՂԲՅՈՒՐ, ԳԵՂԱՐՔՈՒՆԻՔ",31.0,388.0,368.0,293.0,330.0,187.0,79.0,72.0,Կարճաղբյուր,Գեղարքունիք,40.1735132,45.5843034
"ԿԱՐՄԻՐԳՅՈՒՂ, ԳԵՂԱՐՔՈՒՆԻՔ",53.0,695.0,1086.0,863.0,726.0,679.0,248.0,182.0,Կարմիրգյուղ,Գեղարքունիք,40.3274441,45.1465892
"ԿԱՐՄՐԱՇԵՆ, ԱՐԱԳԱԾՈՏՆ",2.0,103.0,95.0,71.0,108.0,61.0,19.0,20.0,Կարմրաշեն,Արագածոտն,40.4298064,43.9381026
"ԿԱՔԱՎԱՁՈՐ, ԱՐԱԳԱԾՈՏՆ",11.0,190.0,158.0,144.0,160.0,76.0,30.0,29.0,Կաքավաձոր,Արագածոտն,40.3507407,44.0519222
"ԿԵՆՏՐՈՆ, ԵՐԵՎԱՆ",1154.0,13075.0,18567.0,16910.0,15521.0,16346.0,8945.0,5691.0,Կենտրոն,Երեվան,40.1784684,44.5055716
"ԿԻՐԱՆՑ, ՏԱՎՈՒՇ",7.0,56.0,74.0,45.0,57.0,31.0,9.0,14.0,Կիրանց,Տավուշ,41.0476632,45.0984533
"ԿՈՂԲ, ՏԱՎՈՒՇ",69.0,774.0,994.0,778.0,753.0,701.0,306.0,310.0,Կողբ,Տավուշ,41.1876745,44.9786449
"ԿՈՂԲԱՎԱՆ, ԱՐՄԱՎԻՐ",1.0,22.0,30.0,15.0,32.0,10.0,0.0,1.0,Կողբավան,Արմավիր,40.1420368,43.7553689
"ԿՈՇ, ԱՐԱԳԱԾՈՏՆ",25.0,452.0,536.0,398.0,444.0,299.0,89.0,70.0,Կոշ,Արագածոտն,40.3001335,44.1524168
"ՀԱԼԱՎԱՐ, ԼՈՌԻ",0.0,16.0,18.0,12.0,23.0,25.0,16.0,15.0,Հալավար,Լոռի,40.7892252,44.4046228
"ՀԱԿՈ, ԱՐԱԳԱԾՈՏՆ",2.0,30.0,25.0,34.0,30.0,22.0,3.0,4.0,Հակո,Արագածոտն,40.3847922,43.6921312
"ՀԱՅԱՆԻՍՏ, ԱՐԱՐԱՏ",13.0,326.0,441.0,367.0,294.0,330.0,137.0,132.0,Հայանիստ,Արարատ,40.121789,44.3694867
"ՀԱՅԹԱՂ, ԱՐՄԱՎԻՐ",22.0,361.0,574.0,295.0,458.0,351.0,79.0,85.0,Հայթաղ,Արմավիր,40.1784544,44.2278026
"ՀԱՅԿԱՇԵՆ, ԱՐՄԱՎԻՐ",9.0,199.0,223.0,169.0,197.0,144.0,47.0,24.0,Հայկաշեն,Արմավիր,40.0725348,44.3051313
"ՀԱՅԿԱՍԱՐ, ՇԻՐԱԿ",1.0,31.0,44.0,17.0,25.0,23.0,1.0,8.0,Հայկասար,Շիրակ,40.6043151,43.8883983
"ՀԱՅԿԱՎԱՆ, ԱՐՄԱՎԻՐ",9.0,173.0,280.0,190.0,168.0,197.0,51.0,33.0,Հայկավան,Արմավիր,40.0908597,44.0368778
"ՀԱՅԿԱՎԱՆ, ՇԻՐԱԿ",14.0,186.0,206.0,151.0,183.0,153.0,39.0,43.0,Հայկավան,Շիրակ,40.8037432,43.7494435
"ՀԱՅՐԱՎԱՆՔ, ԳԵՂԱՐՔՈՒՆԻՔ",9.0,94.0,158.0,96.0,113.0,87.0,24.0,18.0,Հայրավանք,Գեղարքունիք,40.430987,45.0944581
"ՀԱՅՐԵՆՅԱՑ, ՇԻՐԱԿ",9.0,113.0,145.0,101.0,101.0,66.0,19.0,17.0,Հայրենյաց,Շիրակ,40.6301463,43.8719319
"ՀԱՌԻՃ, ՇԻՐԱԿ",8.0,169.0,211.0,125.0,155.0,124.0,33.0,39.0,Հառիճ,Շիրակ,40.6096173,44.0015399
"ՀԱՐԹԱԳՅՈՒՂ, ԼՈՌԻ",7.0,205.0,194.0,121.0,209.0,98.0,16.0,35.0,Հարթագյուղ,Լոռի,40.8321662,44.0467798
"ՀԱՑԱՇԵՆ, ԱՐԱԳԱԾՈՏՆ",5.0,51.0,62.0,47.0,48.0,24.0,7.0,5.0,Հացաշեն,Արագածոտն,40.4300357,43.7747366
"ՀԱՑԱՎԱՆ, ԿՈՏԱՅՔ",3.0,100.0,114.0,47.0,111.0,72.0,8.0,18.0,Հացավան,Կոտայք,40.1371039,44.6486505
"ՀԱՑԻԿ, ԱՐՄԱՎԻՐ",35.0,419.0,393.0,320.0,409.0,262.0,70.0,102.0,Հացիկ,Արմավիր,40.1729962,43.9496574
"ՀՆԱԲԵՐԴ, ԱՐԱՐԱՏ",7.0,92.0,141.0,91.0,110.0,87.0,20.0,16.0,Հնաբերդ,Արարատ,40.0055482,44.5709538
"ՀՈՌՈՄ, ՇԻՐԱԿ",12.0,319.0,374.0,202.0,334.0,222.0,43.0,70.0,Հոռոմ,Շիրակ,40.660321,43.8869814
"ՀՈՎՏԱՄԵՋ, ԱՐՄԱՎԻՐ",20.0,157.0,212.0,147.0,190.0,141.0,30.0,39.0,Հովտամեջ,Արմավիր,40.1825437,44.2538203
"ՀՈՎՏԱՇԱՏ, ԱՐԱՐԱՏ",45.0,554.0,787.0,551.0,571.0,465.0,125.0,89.0,Հովտաշատ,Արարատ,40.1010182,44.3385348
"ՀՈՎՏԱՇԵՆ, ԱՐԱՐԱՏ",6.0,179.0,220.0,128.0,214.0,113.0,36.0,39.0,Հովտաշեն,Արարատ,40.0231199,44.4481838
"ՀՈՎՏԱՇԵՆ, ՇԻՐԱԿ",3.0,42.0,74.0,26.0,65.0,35.0,5.0,9.0,Հովտաշեն,Շիրակ,40.6683999,43.8886964
"ՀՈՒՇԱԿԵՐՏ, ԱՐՄԱՎԻՐ",7.0,170.0,164.0,136.0,159.0,81.0,34.0,26.0,Հուշակերտ,Արմավիր,40.0840594,43.9301067
"ՀՐԱԶԴԱՆ, ԿՈՏԱՅՔ",553.0,6282.0,10848.0,8183.0,7116.0,7569.0,2376.0,1400.0,Հրազդան,Կոտայք,40.5353559,44.7695698
"ՁՈՐԱԳԵՏ, ԼՈՌԻ",0.0,32.0,32.0,35.0,42.0,26.0,10.0,16.0,Ձորագետ,Լոռի,40.9455878,44.6296665
"ՁՈՐԱԳՅՈՒՂ, ԳԵՂԱՐՔՈՒՆԻՔ",47.0,752.0,824.0,509.0,632.0,374.0,112.0,112.0,Ձորագյուղ,Գեղարքունիք,40.1697725,45.1858234
"ՁՈՐԱԳՅՈՒՂ, ԼՈՌԻ",5.0,34.0,45.0,45.0,56.0,35.0,19.0,21.0,Ձորագյուղ,Լոռի,40.9481634,44.617698
"ՂԱԶԱՐԱՎԱՆ, ԱՐԱԳԱԾՈՏՆ",5.0,71.0,94.0,66.0,83.0,57.0,16.0,16.0,Ղազարավան,Արագածոտն,40.3403625,44.3192141
"ՂԱՐԻԲՋԱՆՅԱՆ, ՇԻՐԱԿ",5.0,133.0,202.0,99.0,142.0,125.0,30.0,12.0,Ղարիբջանյան,Շիրակ,40.7351896,43.786649
"ՂՈՒԿԱՍԱՎԱՆ, ԱՐԱՐԱՏ",17.0,350.0,361.0,288.0,330.0,217.0,66.0,50.0,Ղուկասավան,Արարատ,40.1246893,44.4163451
"ՂՈՒՐՍԱԼԻ, ԼՈՌԻ",3.0,66.0,80.0,68.0,70.0,55.0,26.0,15.0,Ղուրսալի,Լոռի,40.8299258,44.3349973
"ՃԱՄԲԱՐԱԿ, ԳԵՂԱՐՔՈՒՆԻՔ",109.0,1719.0,2024.0,1474.0,1461.0,1378.0,429.0,451.0,Ճամբարակ,Գեղարքունիք,40.5990983,45.3529401
"ՄԱԴԻՆԱ, ԳԵՂԱՐՔՈՒՆԻՔ",16.0,214.0,160.0,132.0,137.0,92.0,36.0,32.0,Մադինա,Գեղարքունիք,40.0775383,45.255077
"ՄԱԼԱԹԻԱ-ՍԵԲԱՍՏԻԱ, ԵՐԵՎԱՆ",1379.0,16620.0,25045.0,21884.0,15669.0,18506.0,7682.0,3684.0,Մալաթիա-Սեբաստիա,Երեվան,40.1797179,44.4442373
"ՄԱԼԻՇԿԱ, ՎԱՅՈՑ ՁՈՐ",53.0,601.0,860.0,662.0,628.0,581.0,171.0,180.0,Մալիշկա,Վայոց Ձոր,39.7376099,45.3925813
"ՄԱՅԱԿՈՎՍԿԻ, ԿՈՏԱՅՔ",21.0,270.0,379.0,295.0,298.0,264.0,86.0,60.0,Մայակովսկի,Կոտայք,40.2442315,44.6342209
"ՄԱՅԻՍՅԱՆ, ԱՐՄԱՎԻՐ",25.0,308.0,330.0,250.0,296.0,183.0,59.0,51.0,Մայիսյան,Արմավիր,40.1568681,44.0884244
"ՄԱՍԻՍ, ԱՐԱՐԱՏ",223.0,2626.0,4116.0,3114.0,2517.0,2935.0,889.0,521.0,Մասիս,Արարատ,39.9965321,44.4892913
"ՄԱՍՏԱՐԱ, ԱՐԱԳԱԾՈՏՆ",23.0,391.0,495.0,312.0,396.0,270.0,73.0,93.0,Մաստարա,Արագածոտն,40.4651151,43.9025474
"ՄԱՐԳԱՀՈՎԻՏ, ԼՈՌԻ",24.0,444.0,664.0,445.0,490.0,446.0,126.0,104.0,Մարգահովիտ,Լոռի,40.7348487,44.6829567
"ՄԱՐԳԱՐԱ, ԱՐՄԱՎԻՐ",11.0,192.0,230.0,164.0,191.0,163.0,56.0,39.0,Մարգարա,Արմավիր,40.03553,44.1783042
"ՄԱՐՄԱՇԵՆ, ՇԻՐԱԿ",92.0,1671.0,2075.0,1321.0,1740.0,1224.0,359.0,347.0,Մարմաշեն,Շիրակ,40.8366239,43.7792408
"ՄԱՐՄԱՐԱՇԵՆ, ԱՐԱՐԱՏ",39.0,559.0,604.0,437.0,526.0,340.0,94.0,86.0,Մարմարաշեն,Արարատ,40.0583267,44.4692581
"ՄԱՐՏՈՒՆԻ, ԳԵՂԱՐՔՈՒՆԻՔ",126.0,1796.0,2535.0,1782.0,1649.0,1579.0,536.0,353.0,Մարտունի,Գեղարքունիք,40.66714,45.25422
"ՄԱՔԵՆԻՍ, ԳԵՂԱՐՔՈՒՆԻՔ",5.0,79.0,60.0,67.0,73.0,32.0,12.0,16.0,Մաքենիս,Գեղարքունիք,40.121884,45.6174877
"ՄԵԼԻՔԳՅՈՒՂ, ԱՐԱԳԱԾՈՏՆ",15.0,169.0,174.0,140.0,159.0,92.0,32.0,27.0,Մելիքգյուղ,Արագածոտն,40.6651044,44.3510961
"ՄԵԾ ՄԱՆԹԱՇ, ՇԻՐԱԿ",18.0,355.0,406.0,230.0,342.0,211.0,66.0,62.0,Մեծ Մանթաշ,Շիրակ,40.644164,44.0613928
"ՄԵԾ ՄԱՍՐԻԿ, ԳԵՂԱՐՔՈՒՆԻՔ",21.0,395.0,467.0,320.0,353.0,261.0,72.0,89.0,Մեծ Մասրիկ,Գեղարքունիք,40.2210081,45.7625002
"ՄԵԾ ՊԱՐՆԻ, ԼՈՌԻ",16.0,342.0,380.0,235.0,310.0,201.0,46.0,75.0,Մեծ Պարնի,Լոռի,40.8328514,44.1103116
"ՄԵԾԱՁՈՐ, ԱՐԱԳԱԾՈՏՆ",3.0,20.0,34.0,32.0,25.0,14.0,3.0,3.0,Մեծաձոր,Արագածոտն,40.3804152,44.0460409
"ՄԵԾԱՄՈՐ, ԱՐՄԱՎԻՐ",130.0,1309.0,2258.0,2040.0,1128.0,1915.0,514.0,168.0,Մեծամոր,Արմավիր,40.071389,44.289167
"ՄԵԾԱՎԱՆ, ԼՈՌԻ",58.0,856.0,1295.0,858.0,880.0,703.0,218.0,278.0,Մեծավան,Լոռի,41.2053857,44.2309162
"ՄԵՂՐԱՁՈՐ, ԿՈՏԱՅՔ",42.0,864.0,969.0,708.0,823.0,532.0,168.0,212.0,Մեղրաձոր,Կոտայք,40.6025326,44.6063054
"ՄԵՂՐԱՇԵՆ, ՇԻՐԱԿ",8.0,225.0,220.0,130.0,209.0,120.0,29.0,21.0,Մեղրաշեն,Շիրակ,40.6690083,43.9553461
"ՄԵՂՐԻ, ՍՅՈՒՆԻՔ",119.0,1457.0,1941.0,1458.0,1462.0,1455.0,536.0,480.0,Մեղրի,Սյունիք,38.9016976,46.2467317
"ՄԵՐՁԱՎԱՆ, ԱՐՄԱՎԻՐ",49.0,525.0,640.0,526.0,526.0,411.0,136.0,103.0,Մերձավան,Արմավիր,40.1837106,44.4025158
"ՄԽՉՅԱՆ, ԱՐԱՐԱՏ",56.0,667.0,912.0,607.0,667.0,595.0,188.0,144.0,Մխչյան,Արարատ,40.0225895,44.4904856
"ՄՅԱՍՆԻԿՅԱՆ, ԱՐՄԱՎԻՐ",43.0,684.0,677.0,560.0,624.0,401.0,130.0,117.0,Մյասնիկյան,Արմավիր,40.1814881,43.9146893
"ՄՈՒՍԱԼԵՌ, ԱՐՄԱՎԻՐ",21.0,366.0,559.0,374.0,427.0,390.0,115.0,72.0,Մուսալեռ,Արմավիր,40.1578309,44.3793997
"ՄՐԳԱՆՈՒՇ, ԱՐԱՐԱՏ",7.0,137.0,244.0,141.0,162.0,161.0,34.0,34.0,Մրգանուշ,Արարատ,40.025532,44.5593439
"ՄՐԳԱՇԱՏ, ԱՐՄԱՎԻՐ",47.0,830.0,971.0,705.0,770.0,635.0,177.0,170.0,Մրգաշատ,Արմավիր,40.1241657,44.0672171
"ՄՐԳԱՇԵՆ, ԿՈՏԱՅՔ",17.0,315.0,437.0,263.0,297.0,174.0,66.0,53.0,Մրգաշեն,Կոտայք,40.2850294,44.5397372
"ՄՐԳԱՍՏԱՆ, ԱՐՄԱՎԻՐ",12.0,150.0,189.0,147.0,205.0,108.0,45.0,51.0,Մրգաստան,Արմավիր,40.2007545,44.2770015
"ՄՐԳԱՎԱՆ, ԱՐԱՐԱՏ",28.0,257.0,272.0,274.0,264.0,251.0,86.0,74.0,Մրգավան,Արարատ,39.9716709,44.5352163
"ՄՐԳԱՎԵՏ, ԱՐԱՐԱՏ",21.0,330.0,492.0,304.0,291.0,320.0,86.0,60.0,Մրգավետ,Արարատ,40.0327699,44.4799671
"ՆԱԼԲԱՆԴՅԱՆ, ԱՐՄԱՎԻՐ",49.0,644.0,721.0,589.0,606.0,467.0,122.0,100.0,Նալբանդյան,Արմավիր,40.06165,43.9852874
"ՆԱՀԱՊԵՏԱՎԱՆ, ՇԻՐԱԿ",11.0,128.0,137.0,95.0,130.0,74.0,24.0,17.0,Նահապետավան,Շիրակ,40.6072274,44.0200336
"ՆԱՐԵԿ, ԱՐԱՐԱՏ",9.0,131.0,310.0,120.0,132.0,193.0,19.0,2.0,Նարեկ,Արարատ,40.0004118,44.6648243
"ՆԵՐՔԻՆ ԲԱԶՄԱԲԵՐԴ, ԱՐԱԳԱԾՈՏՆ",13.0,228.0,248.0,182.0,240.0,153.0,61.0,51.0,Ներքին Բազմաբերդ,Արագածոտն,40.3347638,44.0103798
"ՆԵՐՔԻՆ ԳԵՏԱՇԵՆ, ԳԵՂԱՐՔՈՒՆԻՔ",113.0,1377.0,1622.0,1057.0,1124.0,792.0,235.0,167.0,Ներքին Գետաշեն,Գեղարքունիք,40.1442308,45.2711048
"ՆԵՐՔԻՆ ՍԱՍՆԱՇԵՆ, ԱՐԱԳԱԾՈՏՆ",6.0,165.0,192.0,120.0,159.0,115.0,34.0,32.0,Ներքին Սասնաշեն,Արագածոտն,40.3552211,43.9915853
"ՆԻԶԱՄԻ, ԱՐԱՐԱՏ",10.0,158.0,216.0,147.0,171.0,143.0,71.0,79.0,Նիզամի,Արարատ,40.0912332,44.4037713
"ՆՇԱՎԱՆ, ԱՐԱՐԱՏ",8.0,265.0,416.0,210.0,296.0,267.0,54.0,52.0,Նշավան,Արարատ,40.0253443,44.5242498
"ՆՈՅԱԿԵՐՏ, ԱՐԱՐԱՏ",31.0,295.0,334.0,263.0,290.0,189.0,89.0,75.0,Նոյակերտ,Արարատ,39.8319349,44.6635181
"ՆՈՅԵՄԲԵՐՅԱՆ, ՏԱՎՈՒՇ",159.0,2238.0,2734.0,2340.0,2104.0,2028.0,772.0,844.0,Նոյեմբերյան,Տավուշ,41.1718057,44.9946631
"ՆՈՐ ԱՄԱՆՈՍ, ԱՐԱԳԱԾՈՏՆ",8.0,89.0,169.0,85.0,96.0,116.0,12.0,6.0,Նոր Ամանոս,Արագածոտն,40.2373557,44.0674247
"ՆՈՐ ԱՐԹԻԿ, ԱՐԱԳԱԾՈՏՆ",6.0,90.0,83.0,66.0,85.0,56.0,13.0,16.0,Նոր Արթիկ,Արագածոտն,40.4653087,43.7054876
"ՆՈՐ ԱՐՄԱՎԻՐ, ԱՐՄԱՎԻՐ",24.0,258.0,363.0,251.0,273.0,209.0,79.0,48.0,Նոր Արմավիր,Արմավիր,40.0924814,43.9897827
"ՆՈՐ ԱՐՏԱԳԵՐՍ, ԱՐՄԱՎԻՐ",19.0,178.0,307.0,207.0,251.0,192.0,56.0,52.0,Նոր Արտագերս,Արմավիր,40.0721478,44.0058637
"ՆՈՐ ԱՐՏԱՄԵՏ, ԿՈՏԱՅՔ",11.0,149.0,202.0,147.0,148.0,144.0,50.0,56.0,Նոր Արտամետ,Կոտայք,40.3006078,44.5578863
"ՆՈՐ ԳԵՂԻ, ԿՈՏԱՅՔ",79.0,855.0,1214.0,845.0,837.0,743.0,213.0,111.0,Նոր Գեղի,Կոտայք,40.3187714,44.5760235
"ՆՈՐ ԵԴԵՍԻԱ, ԱՐԱԳԱԾՈՏՆ",5.0,137.0,311.0,109.0,179.0,156.0,14.0,10.0,Նոր Եդեսիա,Արագածոտն,40.225164,44.1329692
"ՆՈՐ ԵՐԶՆԿԱ, ԿՈՏԱՅՔ",21.0,242.0,321.0,277.0,233.0,175.0,81.0,46.0,Նոր Երզնկա,Կոտայք,40.3034691,44.3930377
"ՆՈՐ ԽԱՉԱԿԱՊ, ԼՈՌԻ",8.0,87.0,89.0,81.0,88.0,68.0,29.0,24.0,Նոր Խաչակապ,Լոռի,40.8403602,44.3643942
"ՆՈՐ ԽԱՐԲԵՐԴ, ԱՐԱՐԱՏ",93.0,1149.0,1497.0,1065.0,1127.0,965.0,299.0,216.0,Նոր Խարբերդ,Արարատ,40.0891602,44.4792997
"ՆՈՐ ԿԵՍԱՐԻԱ, ԱՐՄԱՎԻՐ",21.0,246.0,269.0,239.0,207.0,137.0,55.0,30.0,Նոր Կեսարիա,Արմավիր,40.058127,43.9073244
"ՆՈՐ ԿՅԱՆՔ, ԱՐԱՐԱՏ",14.0,385.0,473.0,307.0,394.0,290.0,88.0,52.0,Նոր Կյանք,Արարատ,39.9003116,44.6320994
"ՆՈՐ ԿՅԱՆՔ, ՇԻՐԱԿ",7.0,287.0,249.0,179.0,236.0,147.0,43.0,38.0,Նոր Կյանք,Շիրակ,40.656322,43.925711
"ՆՈՐ ԿՅՈՒՐԻՆ, ԱՐԱՐԱՏ",8.0,140.0,242.0,121.0,160.0,143.0,27.0,23.0,Նոր Կյուրին,Արարատ,40.0738807,44.4976986
"ՆՈՐ ՀԱՃՆ, ԿՈՏԱՅՔ",115.0,1324.0,2252.0,1668.0,1283.0,1552.0,465.0,242.0,Նոր Հաճն,Կոտայք,40.3007262,44.5814295
"ՆՈՐ ՆՈՐՔ, ԵՐԵՎԱՆ",1228.0,15557.0,21336.0,18934.0,17167.0,14925.0,7632.0,4827.0,Նոր Նորք,Երեվան,40.2002199,44.5667018
"ՆՈՐ ՈՒՂԻ, ԱՐԱՐԱՏ",5.0,131.0,147.0,129.0,124.0,97.0,23.0,23.0,Նոր Ուղի,Արարատ,39.9260479,44.636534499999996
"ՆՈՐԱԲԱՑ, ԱՐԱՐԱՏ",29.0,315.0,466.0,315.0,356.0,285.0,69.0,72.0,Նորաբաց,Արարատ,40.1068238,44.4322092
"ՆՈՐԱԿԵՐՏ, ԱՐՄԱՎԻՐ",29.0,409.0,618.0,426.0,420.0,361.0,87.0,72.0,Նորակերտ,Արմավիր,40.1944047,44.343921
"ՆՈՐԱԿԵՐՏ, ԳԵՂԱՐՔՈՒՆԻՔ",5.0,151.0,151.0,95.0,154.0,50.0,15.0,42.0,Նորակերտ,Գեղարքունիք,40.2633662,45.6934048
"ՆՈՐԱՄԱՐԳ, ԱՐԱՐԱՏ",21.0,265.0,415.0,294.0,250.0,247.0,83.0,61.0,Նորամարգ,Արարատ,40.0196006,44.4229372
"ՆՈՐԱՇԵՆ, ԱՐԱՐԱՏ",24.0,487.0,676.0,445.0,466.0,457.0,119.0,95.0,Նորաշեն,Արարատ,40.0030835,44.598259999999996
"ՆՈՐԱՇԵՆ, ԳԵՂԱՐՔՈՒՆԻՔ",5.0,64.0,81.0,57.0,71.0,44.0,10.0,11.0,Նորաշեն,Գեղարքունիք,40.5046709,45.0185823
"ՆՈՐԱՊԱՏ, ԱՐՄԱՎԻՐ",21.0,294.0,403.0,335.0,310.0,291.0,108.0,67.0,Նորապատ,Արմավիր,40.1417387,44.0303535
"ՆՈՐԱՎԱՆ, ԱՐՄԱՎԻՐ",8.0,190.0,226.0,146.0,185.0,153.0,38.0,35.0,Նորավան,Արմավիր,40.1724626,44.0253497
"ՆՈՐԱՏՈՒՍ, ԳԵՂԱՐՔՈՒՆԻՔ",63.0,868.0,1060.0,853.0,814.0,667.0,206.0,182.0,Նորատուս,Գեղարքունիք,40.3765049,45.1729587
"ՆՈՐՔ-ՄԱՐԱՇ, ԵՐԵՎԱՆ",102.0,1668.0,2528.0,1808.0,1738.0,1911.0,727.0,510.0,Նորք-Մարաշ,Երեվան,40.1800138,44.5436648
"ՆՈՒԲԱՐԱՇԵՆ, ԵՐԵՎԱՆ",128.0,1345.0,1912.0,1735.0,1186.0,1429.0,478.0,249.0,Նուբարաշեն,Երեվան,40.0921243,44.5523035
"ՇԱՀՈՒՄՅԱՆ, ԱՐԱՐԱՏ",37.0,578.0,808.0,533.0,587.0,557.0,148.0,133.0,Շահումյան,Արարատ,39.9392484,44.5616734
"ՇԱՀՈՒՄՅԱՆ, ԱՐՄԱՎԻՐ",13.0,184.0,243.0,155.0,183.0,159.0,47.0,40.0,Շահումյան,Արմավիր,40.2116209,44.2936028
"ՇԱՀՈՒՄՅԱՆ, ԼՈՌԻ",30.0,295.0,371.0,381.0,288.0,334.0,111.0,82.0,Շահումյան,Լոռի,40.7708052,44.5352698
"ՇԱՀՈՒՄՅԱՆԻ ԹՌՉՆԱՖԱԲՐԻԿԱ, ԱՐՄԱՎԻՐ",6.0,116.0,161.0,106.0,157.0,86.0,31.0,19.0,Շահումյանի թռչնաֆաբրիկա,Արմավիր,40.2087345,44.3081965
"ՇԱՄԻՐԱՄ, ԱՐԱԳԱԾՈՏՆ",24.0,122.0,175.0,220.0,137.0,89.0,52.0,18.0,Շամիրամ,Արագածոտն,40.2763814,44.1005848
"ՇԵՆԱՎԱՆ, ԱՐՄԱՎԻՐ",13.0,247.0,305.0,192.0,231.0,193.0,45.0,51.0,Շենավան,Արմավիր,40.0551956,43.9214516
"ՇԵՆԱՎԱՆ, ԼՈՌԻ",7.0,84.0,62.0,69.0,59.0,37.0,21.0,14.0,Շենավան,Լոռի,40.8687503,44.233725
"ՇԵՆԳԱՎԻԹ, ԵՐԵՎԱՆ",1400.0,17504.0,26057.0,20366.0,18968.0,19700.0,7619.0,4864.0,Շենգավիթ,Երեվան,40.1566278,44.4765192
"ՇԵՆԻԿ, ԱՐՄԱՎԻՐ",12.0,134.0,179.0,150.0,113.0,106.0,24.0,16.0,Շենիկ,Արմավիր,40.2129957,43.7703273
"ՇԻՐԱԿԱՄՈՒՏ, ԼՈՌԻ",23.0,327.0,386.0,256.0,341.0,214.0,89.0,94.0,Շիրակամուտ,Լոռի,40.8516775,44.1576112
"ՇՂԱՐՇԻԿ, ԱՐԱԳԱԾՈՏՆ",7.0,94.0,72.0,67.0,83.0,51.0,19.0,12.0,Շղարշիկ,Արագածոտն,40.4091956,43.9615008
"ՇՆՈՂ, ԼՈՌԻ",33.0,544.0,698.0,505.0,596.0,489.0,154.0,173.0,Շնող,Լոռի,41.150505,44.8399721
"ՈՂՋԱԲԵՐԴ, ԿՈՏԱՅՔ",8.0,141.0,157.0,103.0,164.0,109.0,33.0,38.0,Ողջաբերդ,Կոտայք,40.1722006,44.6452532
"ՈՍԿԵԹԱՍ, ԱՐԱԳԱԾՈՏՆ",6.0,88.0,68.0,64.0,75.0,40.0,20.0,17.0,Ոսկեթաս,Արագածոտն,40.4452296,43.9422779
"ՈՍԿԵՀԱՍԿ, ՇԻՐԱԿ",14.0,270.0,354.0,271.0,279.0,239.0,75.0,65.0,Ոսկեհասկ,Շիրակ,40.765846,43.7732736
"ՈՍԿԵՀԱՏ, ԱՐԱԳԱԾՈՏՆ",10.0,157.0,160.0,142.0,152.0,112.0,37.0,26.0,Ոսկեհատ,Արագածոտն,40.2753011,44.2602897
"ՈՍԿԵՀԱՏ, ԱՐՄԱՎԻՐ",22.0,349.0,529.0,348.0,361.0,363.0,112.0,67.0,Ոսկեհատ,Արմավիր,40.1437464,44.3203281
"ՈՍԿԵՎԱԶ, ԱՐԱԳԱԾՈՏՆ",41.0,567.0,809.0,511.0,616.0,543.0,168.0,159.0,Ոսկեվազ,Արագածոտն,40.2790583,44.2882597
"ՈՍԿԵՏԱՓ, ԱՐԱՐԱՏ",35.0,643.0,804.0,553.0,618.0,463.0,183.0,129.0,Ոսկետափ,Արարատ,39.8853861,44.6475599
"ՈՍՏԱՆ, ԱՐԱՐԱՏ",26.0,477.0,551.0,456.0,458.0,438.0,124.0,116.0,Ոստան,Արարատ,39.9641255,44.5586609
"ՈՒՇԻ, ԱՐԱԳԱԾՈՏՆ",11.0,245.0,221.0,202.0,238.0,145.0,57.0,56.0,Ուշի,Արագածոտն,40.3510997,44.3714277
"ՈՒՋԱՆ, ԱՐԱԳԱԾՈՏՆ",35.0,469.0,482.0,374.0,446.0,321.0,87.0,70.0,Ուջան,Արագածոտն,40.2955229,44.2100499
"ՈՒՐՑԱԼԱՆՋ, ԱՐԱՐԱՏ",1.0,23.0,15.0,22.0,22.0,13.0,13.0,2.0,Ուրցալանջ,Արարատ,39.8224113,44.9974122
"ՈՒՐՑԱՁՈՐ, ԱՐԱՐԱՏ",42.0,603.0,712.0,505.0,552.0,428.0,123.0,125.0,Ուրցաձոր,Արարատ,39.9216526,44.8236341
"ՉԱՐԵՆՑԱՎԱՆ, ԿՈՏԱՅՔ",386.0,4592.0,7120.0,5561.0,5095.0,4614.0,1649.0,1054.0,Չարենցավան,Կոտայք,40.4018115,44.6433958
"ՉԿԱԼՈՎ, ԼՈՌԻ",0.0,27.0,28.0,17.0,28.0,16.0,8.0,9.0,Չկալով,Լոռի,40.9285709,44.6444051
"ՉԿԱԼՈՎԿԱ, ԳԵՂԱՐՔՈՒՆԻՔ",2.0,70.0,94.0,60.0,68.0,72.0,24.0,17.0,Չկալովկա,Գեղարքունիք,40.5088385,44.9789721
"ՊԱՐՈՒՅՐ ՍԵՎԱԿ, ԱՐԱՐԱՏ",2.0,89.0,163.0,53.0,79.0,110.0,14.0,8.0,Պարույր Սեվակ,Արարատ,39.7702258,44.9172897
"ՊԱՐՏԻԶԱԿ, ԱՐԱԳԱԾՈՏՆ",6.0,36.0,81.0,51.0,29.0,60.0,5.0,3.0,Պարտիզակ,Արագածոտն,40.2705711,44.0405787
"ՊԵՄԶԱՇԵՆ, ՇԻՐԱԿ",17.0,437.0,617.0,316.0,420.0,337.0,75.0,86.0,Պեմզաշեն,Շիրակ,40.5854016,43.9362677
"ՊՌՈՇՅԱՆ, ԿՈՏԱՅՔ",80.0,733.0,958.0,841.0,695.0,598.0,218.0,149.0,Պռոշյան,Կոտայք,40.2507786,44.419895
"ՊՏՂՆԻ, ԿՈՏԱՅՔ",13.0,213.0,293.0,226.0,209.0,229.0,60.0,45.0,Պտղնի,Կոտայք,40.2568783,44.5818467
"ՊՏՂՈՒՆՔ, ԱՐՄԱՎԻՐ",16.0,216.0,343.0,267.0,258.0,258.0,58.0,53.0,Պտղունք,Արմավիր,40.1654278,44.3636446
"ՋԱՆՖԻԴԱ, ԱՐՄԱՎԻՐ",38.0,518.0,522.0,376.0,496.0,342.0,85.0,90.0,Ջանֆիդա,Արմավիր,40.0416345,44.0273578
"ՋԵՐՄՈՒԿ, ՎԱՅՈՑ ՁՈՐ",74.0,1135.0,1811.0,1102.0,1316.0,1164.0,303.0,282.0,Ջերմուկ,Վայոց Ձոր,39.8048021,45.6665075
"ՋՐԱՀՈՎԻՏ, ԱՐԱՐԱՏ",9.0,194.0,226.0,170.0,183.0,127.0,40.0,29.0,Ջրահովիտ,Արարատ,40.0442651,44.4746296
"ՋՐԱՇԵՆ, ԱՐԱՐԱՏ",18.0,309.0,303.0,247.0,306.0,175.0,48.0,69.0,Ջրաշեն,Արարատ,40.0538741,44.5090452
"ՋՐԱՇԵՆ, ԱՐՄԱՎԻՐ",6.0,129.0,157.0,113.0,112.0,101.0,26.0,20.0,Ջրաշեն,Արմավիր,40.0857627,44.0160424
"ՋՐԱՇԵՆ, ԼՈՌԻ",31.0,647.0,596.0,362.0,511.0,295.0,63.0,80.0,Ջրաշեն,Լոռի,40.7897361,44.1794371
"ՋՐԱՌԱՏ, ԱՐՄԱՎԻՐ",40.0,426.0,540.0,455.0,470.0,358.0,112.0,85.0,Ջրառատ,Արմավիր,40.0706738,44.2585355
"ՋՐԱՌԱՏ, ԿՈՏԱՅՔ",8.0,80.0,119.0,79.0,75.0,63.0,16.0,10.0,Ջրառատ,Կոտայք,40.5483888,44.7444606
"ՋՐԱՐԲԻ, ԱՐՄԱՎԻՐ",17.0,167.0,349.0,234.0,111.0,223.0,35.0,12.0,Ջրարբի,Արմավիր,40.0873691,44.2398139
"ՋՐՎԵԺ, ԿՈՏԱՅՔ",90.0,1336.0,1839.0,1423.0,1484.0,1362.0,458.0,337.0,Ջրվեժ,Կոտայք,40.1888299,44.6242439
"ՌԱՆՉՊԱՐ, ԱՐԱՐԱՏ",15.0,136.0,202.0,151.0,149.0,135.0,63.0,83.0,Ռանչպար,Արարատ,40.0294573,44.3682095
"ՍԱՂՄՈՍԱՎԱՆ, ԱՐԱԳԱԾՈՏՆ",3.0,30.0,39.0,30.0,43.0,21.0,4.0,8.0,Սաղմոսավան,Արագածոտն,40.3822981,44.3945694
"ՍԱՅԱԹ-ՆՈՎԱ, ԱՐԱՐԱՏ",20.0,308.0,378.0,296.0,325.0,244.0,90.0,108.0,Սայաթ-Նովա,Արարատ,40.075826,44.4013774
"ՍԱՍՈՒՆԻԿ, ԱՐԱԳԱԾՈՏՆ",31.0,398.0,585.0,484.0,429.0,374.0,127.0,111.0,Սասունիկ,Արագածոտն,40.25166,44.3574
"ՍԱՐԱԼԱՆՋ, ԼՈՌԻ",3.0,37.0,24.0,29.0,34.0,25.0,2.0,7.0,Սարալանջ,Լոռի,40.8717522,44.0934348
"ՍԱՐԱԼԱՆՋ, ՇԻՐԱԿ",13.0,189.0,192.0,120.0,160.0,111.0,19.0,30.0,Սարալանջ,Շիրակ,40.6228499,44.0196853
"ՍԱՐԱՀԱՐԹ, ԼՈՌԻ",11.0,232.0,252.0,149.0,228.0,117.0,36.0,48.0,Սարահարթ,Լոռի,40.8698132,44.2077506
"ՍԱՐԱՄԵՋ, ԼՈՌԻ",7.0,266.0,231.0,183.0,216.0,101.0,43.0,43.0,Սարամեջ,Լոռի,40.7737307,44.2225655
"ՍԱՐԱՊԱՏ, ՇԻՐԱԿ",35.0,593.0,594.0,412.0,603.0,307.0,119.0,123.0,Սարապատ,Շիրակ,40.9351342,44.0445446
"ՍԱՐԱՏԱԿ, ՇԻՐԱԿ",11.0,223.0,222.0,159.0,207.0,115.0,37.0,51.0,Սարատակ,Շիրակ,40.6692391,43.8709284
"ՍԱՐԴԱՐԱՊԱՏ, ԱՐՄԱՎԻՐ",49.0,745.0,1079.0,760.0,770.0,725.0,183.0,174.0,Սարդարապատ,Արմավիր,40.1312258,44.0097387
"ՍԱՐԻԳՅՈՒՂ, ՏԱՎՈՒՇ",17.0,181.0,236.0,168.0,174.0,137.0,43.0,46.0,Սարիգյուղ,Տավուշ,41.0344234,45.1436453
"ՍԱՐՈՒԽԱՆ, ԳԵՂԱՐՔՈՒՆԻՔ",71.0,892.0,1291.0,1055.0,1047.0,898.0,338.0,288.0,Սարուխան,Գեղարքունիք,40.2938995,45.1360148
"ՍԱՐՉԱՊԵՏ, ԼՈՌԻ",56.0,779.0,1092.0,778.0,774.0,618.0,221.0,243.0,Սարչապետ,Լոռի,41.1960151,44.3805895
"ՍԵՄՅՈՆՈՎԿԱ, ԳԵՂԱՐՔՈՒՆԻՔ",4.0,43.0,48.0,38.0,42.0,29.0,8.0,10.0,Սեմյոնովկա,Գեղարքունիք,40.6570815,44.9024175
"ՍԵՎԱՆ, ԳԵՂԱՐՔՈՒՆԻՔ",304.0,3019.0,4418.0,4009.0,2893.0,3436.0,1177.0,593.0,Սեվան,Գեղարքունիք,40.5446718,44.8623275
"ՍԵՎՔԱՐ, ՏԱՎՈՒՇ",17.0,312.0,359.0,329.0,286.0,253.0,97.0,106.0,Սեվքար,Տավուշ,41.0159943,45.1382671
"ՍԻՍ, ԱՐԱՐԱՏ",22.0,185.0,232.0,240.0,184.0,175.0,71.0,57.0,Սիս,Արարատ,40.0577703,44.3860136
"ՍԻՍԱՎԱՆ, ԱՐԱՐԱՏ",15.0,350.0,368.0,278.0,265.0,221.0,57.0,40.0,Սիսավան,Արարատ,39.905877,44.6681369
"ՍԻՍԻԱՆ, ՍՅՈՒՆԻՔ",299.0,4036.0,5123.0,4075.0,3821.0,3516.0,1294.0,940.0,Սիսիան,Սյունիք,39.5241577,46.0271686
"ՍԻՓԱՆԻԿ, ԱՐԱՐԱՏ",7.0,77.0,124.0,50.0,88.0,63.0,6.0,14.0,Սիփանիկ,Արարատ,40.1075534,44.3540636
"ՍՈԼԱԿ, ԿՈՏԱՅՔ",32.0,355.0,419.0,305.0,394.0,265.0,70.0,87.0,Սոլակ,Կոտայք,40.4642446,44.71116
"ՍՈՐԻԿ, ԱՐԱԳԱԾՈՏՆ",2.0,19.0,17.0,12.0,19.0,12.0,1.0,4.0,Սորիկ,Արագածոտն,40.4189492,43.7252115
"ՍՈՒՍԵՐ, ԱՐԱԳԱԾՈՏՆ",2.0,50.0,41.0,44.0,50.0,35.0,17.0,5.0,Սուսեր,Արագածոտն,40.4630705,43.7291826
"ՍՈՒՐԵՆԱՎԱՆ, ԱՐԱՐԱՏ",31.0,366.0,478.0,354.0,345.0,269.0,91.0,63.0,Սուրենավան,Արարատ,39.7992062,44.7723968
"ՍՊԱՆԴԱՐՅԱՆ, ՇԻՐԱԿ",10.0,277.0,289.0,171.0,227.0,119.0,39.0,39.0,Սպանդարյան,Շիրակ,40.659724,44.0106941
"ՍՊԻՏԱԿ, ԼՈՌԻ",159.0,2452.0,3030.0,2314.0,2217.0,2040.0,680.0,384.0,Սպիտակ,Լոռի,40.8318278,44.2797884
"ՍՏԵՓԱՆԱՎԱՆ, ԼՈՌԻ",184.0,2265.0,3196.0,2645.0,2395.0,2485.0,1035.0,598.0,Ստեփանավան,Լոռի,41.0113534,44.3249792
"ՎԱԶԱՇԵՆ, ՏԱՎՈՒՇ",9.0,129.0,131.0,132.0,121.0,91.0,32.0,53.0,Վազաշեն,Տավուշ,40.9972131,45.2817314
"ՎԱՀԱԳՆԱՁՈՐ, ԼՈՌԻ",3.0,41.0,48.0,42.0,46.0,35.0,14.0,12.0,Վահագնաձոր,Լոռի,40.8836916,44.5890976
"ՎԱՀԱԳՆԻ, ԼՈՌԻ",13.0,163.0,142.0,135.0,160.0,129.0,59.0,65.0,Վահագնի,Լոռի,40.9073993,44.6074427
"ՎԱՂԱՇԵՆ, ԳԵՂԱՐՔՈՒՆԻՔ",43.0,560.0,693.0,549.0,548.0,364.0,142.0,84.0,Վաղաշեն,Գեղարքունիք,40.133754,45.3283754
"ՎԱՂԱՐՇԱՊԱՏ, ԱՐՄԱՎԻՐ",659.0,7039.0,10387.0,8581.0,7383.0,7614.0,2697.0,1670.0,Վաղարշապատ,Արմավիր,40.1632626,44.2935926
"ՎԱՅՔ, ՎԱՅՈՑ ՁՈՐ",58.0,930.0,1441.0,1085.0,908.0,1058.0,334.0,240.0,Վայք,Վայոց Ձոր,39.6941363,45.4592782
"ՎԱՆԱՁՈՐ, ԼՈՌԻ",1203.0,13635.0,20896.0,17416.0,15955.0,16468.0,6525.0,4124.0,Վանաձոր,Լոռի,40.807399,44.4970268
"ՎԱՆԱՆԴ, ԱՐՄԱՎԻՐ",9.0,157.0,238.0,114.0,164.0,129.0,21.0,4.0,Վանանդ,Արմավիր,40.1031816,43.8228724
"ՎԱՆԱՇԵՆ, ԱՐԱՐԱՏ",26.0,339.0,488.0,349.0,326.0,286.0,84.0,53.0,Վանաշեն,Արարատ,39.8957492,44.68895
"ՎԱՆԵՎԱՆ, ԳԵՂԱՐՔՈՒՆԻՔ",3.0,74.0,74.0,32.0,55.0,21.0,6.0,2.0,Վանեվան,Գեղարքունիք,40.1908459,45.6758654
"ՎԱՐԴԱՁՈՐ, ԳԵՂԱՐՔՈՒՆԻՔ",23.0,432.0,500.0,310.0,379.0,214.0,52.0,60.0,Վարդաձոր,Գեղարքունիք,40.1881385,45.1983131
"ՎԱՐԴԱՆԱՇԵՆ, ԱՐՄԱՎԻՐ",7.0,167.0,183.0,162.0,137.0,116.0,33.0,24.0,Վարդանաշեն,Արմավիր,40.0510244,44.1910202
"ՎԱՐԴԱՇԱՏ, ԱՐԱՐԱՏ",3.0,27.0,27.0,17.0,26.0,28.0,7.0,4.0,Վարդաշատ,Արարատ,39.828772,45.0258814
"ՎԱՐԴԱՇԵՆ, ԱՐԱՐԱՏ",4.0,66.0,88.0,88.0,60.0,65.0,25.0,16.0,Վարդաշեն,Արարատ,40.0306603,44.5605926
"ՎԱՐԴԱՔԱՐ, ՇԻՐԱԿ",6.0,93.0,127.0,71.0,97.0,73.0,12.0,24.0,Վարդաքար,Շիրակ,40.6620307,43.9185875
"ՎԱՐԴԵՆԻԿ, ԳԵՂԱՐՔՈՒՆԻՔ",95.0,1246.0,1469.0,1040.0,1253.0,848.0,256.0,237.0,Վարդենիկ,Գեղարքունիք,40.1384545,45.4274541
"ՎԱՐԴԵՆԻՍ, ԳԵՂԱՐՔՈՒՆԻՔ",127.0,1910.0,2576.0,1883.0,1823.0,1596.0,555.0,321.0,Վարդենիս,Գեղարքունիք,40.1851164,45.7258486
"ՎԱՐՍԵՐ, ԳԵՂԱՐՔՈՒՆԻՔ",14.0,238.0,296.0,219.0,246.0,185.0,75.0,61.0,Վարսեր,Գեղարքունիք,40.5529581,44.9105417
"ՎԵԴԻ, ԱՐԱՐԱՏ",119.0,1733.0,2522.0,1715.0,1546.0,1438.0,447.0,277.0,Վեդի,Արարատ,39.9137183,44.7199404
"ՎԵՐԻՆ ԱՐՏԱՇԱՏ, ԱՐԱՐԱՏ",39.0,571.0,715.0,449.0,544.0,519.0,139.0,134.0,Վերին Արտաշատ,Արարատ,39.9923835,44.5843547
"ՎԵՐԻՆ ԲԱԶՄԱԲԵՐԴ, ԱՐԱԳԱԾՈՏՆ",5.0,78.0,85.0,49.0,65.0,38.0,16.0,11.0,Վերին Բազմաբերդ,Արագածոտն,40.3646034,44.0201868
"ՎԵՐԻՆ ԳԵՏԱՇԵՆ, ԳԵՂԱՐՔՈՒՆԻՔ",32.0,717.0,799.0,462.0,652.0,381.0,91.0,98.0,Վերին Գետաշեն,Գեղարքունիք,40.1314496,45.2501779
"ՎԵՐԻՆ ԴՎԻՆ, ԱՐԱՐԱՏ",27.0,281.0,434.0,257.0,326.0,278.0,72.0,59.0,Վերին Դվին,Արարատ,40.0231325,44.5918627
"ՎԵՐԻՆ ՊՏՂՆԻ, ԿՈՏԱՅՔ",6.0,130.0,174.0,118.0,159.0,125.0,39.0,33.0,Վերին Պտղնի,Կոտայք,40.2439536,44.5741316
"ՎԵՐԻՆ ՍԱՍՆԱՇԵՆ, ԱՐԱԳԱԾՈՏՆ",4.0,52.0,56.0,48.0,69.0,36.0,6.0,14.0,Վերին Սասնաշեն,Արագածոտն,40.366761,43.9834611
"ՎԵՐԻՆ ՍԱՍՈՒՆԻԿ, ԱՐԱԳԱԾՈՏՆ",1.0,1.0,17.0,13.0,21.0,8.0,9.0,7.0,Վերին Սասունիկ,Արագածոտն,40.3298241,44.1518443
"ՏԱԹԵՎ, ՍՅՈՒՆԻՔ",77.0,922.0,961.0,841.0,738.0,467.0,211.0,250.0,Տաթեվ,Սյունիք,39.3833863,46.2425472
"ՏԱԼՎՈՐԻԿ, ԱՐՄԱՎԻՐ",1.0,52.0,85.0,23.0,56.0,34.0,3.0,1.0,Տալվորիկ,Արմավիր,40.100101,43.8802413
"ՏԱՆՁՈՒՏ, ԱՐՄԱՎԻՐ",21.0,312.0,349.0,262.0,279.0,234.0,69.0,46.0,Տանձուտ,Արմավիր,40.0678351,44.0788197
"ՏԱՇԻՐ, ԼՈՌԻ",159.0,1860.0,3070.0,2166.0,2032.0,1954.0,646.0,433.0,Տաշիր,Լոռի,41.1159648,44.285778
"ՏԱՐՈՆԻԿ, ԱՐՄԱՎԻՐ",23.0,286.0,425.0,296.0,281.0,278.0,59.0,55.0,Տարոնիկ,Արմավիր,40.1331901,44.197325
"ՏԱՓԵՐԱԿԱՆ, ԱՐԱՐԱՏ",30.0,509.0,723.0,495.0,566.0,511.0,133.0,116.0,Տափերական,Արարատ,39.9234072,44.5901937
"ՏԵՂ, ՍՅՈՒՆԻՔ",53.0,834.0,869.0,658.0,635.0,516.0,182.0,293.0,Տեղ,Սյունիք,39.5560889,46.4763299
"ՏԵՂԵՐ, ԱՐԱԳԱԾՈՏՆ",1.0,20.0,47.0,12.0,38.0,31.0,13.0,7.0,Տեղեր,Արագածոտն,40.3461146,44.235327
"ՏՈՐՖԱՎԱՆ, ԳԵՂԱՐՔՈՒՆԻՔ",7.0,64.0,95.0,45.0,52.0,34.0,13.0,11.0,Տորֆավան,Գեղարքունիք,40.1907419,45.6889111
"ՏՈՒՖԱՇԵՆ, ՇԻՐԱԿ",3.0,75.0,66.0,45.0,67.0,50.0,11.0,16.0,Տուֆաշեն,Շիրակ,40.6046535,43.9147297
"ՑԱՄԱՔԱՍԱՐ, ԱՐԱԳԱԾՈՏՆ",5.0,83.0,62.0,57.0,73.0,36.0,9.0,14.0,Ցամաքասար,Արագածոտն,40.4661633,43.7632268
"ՓԱՄԲԱԿ, ԼՈՌԻ",2.0,45.0,66.0,41.0,45.0,46.0,12.0,14.0,Փամբակ,Լոռի,40.8311022,44.5505154
"ՓԱՆԻԿ, ՇԻՐԱԿ",30.0,446.0,504.0,409.0,375.0,308.0,103.0,74.0,Փանիկ,Շիրակ,40.6613781,43.971352
"ՓԱՐԱՔԱՐ, ԱՐՄԱՎԻՐ",93.0,1090.0,1569.0,1285.0,1135.0,1152.0,368.0,235.0,Փարաքար,Արմավիր,40.1607673,44.4289899
"ՓԱՐՊԻ, ԱՐԱԳԱԾՈՏՆ",18.0,292.0,371.0,270.0,306.0,269.0,75.0,88.0,Փարպի,Արագածոտն,40.3222182,44.3116431
"ՓՇԱՏԱՎԱՆ, ԱՐՄԱՎԻՐ",22.0,334.0,437.0,300.0,365.0,212.0,77.0,38.0,Փշատավան,Արմավիր,40.0394786,44.0638111
"ՓՈՔՐ ՄԱՆԹԱՇ, ՇԻՐԱԿ",21.0,356.0,430.0,277.0,304.0,214.0,52.0,50.0,Փոքր Մանթաշ,Շիրակ,40.6413831,44.0456346
"ՓՈՔՐ ՎԵԴԻ, ԱՐԱՐԱՏ",28.0,537.0,541.0,440.0,446.0,340.0,106.0,86.0,Փոքր Վեդի,Արարատ,39.9005103,44.6059611
"ՔԱՂՍԻ, ԿՈՏԱՅՔ",29.0,334.0,508.0,278.0,347.0,290.0,48.0,73.0,Քաղսի,Կոտայք,40.472109,44.737371
"ՔԱՂՑՐԱՇԵՆ, ԱՐԱՐԱՏ",29.0,454.0,579.0,393.0,427.0,372.0,98.0,74.0,Քաղցրաշեն,Արարատ,39.9797637,44.6208323
"ՔԱՆԱՔԵՌ-ԶԵՅԹՈՒՆ, ԵՐԵՎԱՆ",724.0,8455.0,12523.0,10743.0,9631.0,9814.0,4573.0,2840.0,Քանաքեռ-Զեյթուն,Երեվան,40.2074347,44.5597041
"ՔԱՆԱՔԵՌԱՎԱՆ, ԿՈՏԱՅՔ",30.0,533.0,755.0,481.0,637.0,461.0,132.0,111.0,Քանաքեռավան,Կոտայք,40.2463265,44.5349166
"ՔԱՋԱՐԱՆ, ՍՅՈՒՆԻՔ",97.0,1063.0,1407.0,1133.0,1041.0,1012.0,344.0,239.0,Քաջարան,Սյունիք,39.145918,46.1304759
"ՔԱՍԱԽ, ԿՈՏԱՅՔ",43.0,680.0,1166.0,737.0,722.0,737.0,222.0,144.0,Քասախ,Կոտայք,40.2355256,44.4514419
"ՔԱՐԱԲԵՐԴ, ԼՈՌԻ",1.0,5.0,6.0,6.0,6.0,14.0,7.0,11.0,Քարաբերդ,Լոռի,40.8457614,44.5185435
"ՔԱՐԱԿԵՐՏ, ԱՐՄԱՎԻՐ",27.0,598.0,726.0,663.0,595.0,394.0,154.0,125.0,Քարակերտ,Արմավիր,40.244597,43.8190803
"ՔԱՐԱՁՈՐ, ԼՈՌԻ",4.0,82.0,66.0,50.0,65.0,27.0,15.0,13.0,Քարաձոր,Լոռի,40.846586,44.3219253
"ՔԱՐԱՇԱՄԲ, ԿՈՏԱՅՔ",3.0,109.0,122.0,82.0,128.0,67.0,24.0,21.0,Քարաշամբ,Կոտայք,40.4092919,44.5803947
"ՕԹԵՎԱՆ, ԱՐԱԳԱԾՈՏՆ",0.0,16.0,26.0,15.0,28.0,17.0,4.0,6.0,Օթեվան,Արագածոտն,40.3663514,44.060755
"ՕՀԱՆԱՎԱՆ, ԱՐԱԳԱԾՈՏՆ",24.0,409.0,447.0,344.0,352.0,258.0,91.0,75.0,Օհանավան,Արագածոտն,40.3486292,44.3871762
"ՕՁՈՒՆ, ԼՈՌԻ",77.0,1003.0,1298.0,1067.0,1142.0,942.0,359.0,358.0,Օձուն,Լոռի,41.059089,44.5936132
"ՕՇԱԿԱՆ, ԱՐԱԳԱԾՈՏՆ",41.0,757.0,977.0,694.0,786.0,668.0,213.0,203.0,Օշական,Արագածոտն,40.2654304,44.3099177
"ՕՐԳՈՎ, ԱՐԱԳԱԾՈՏՆ",4.0,54.0,85.0,59.0,73.0,60.0,8.0,17.0,Օրգով,Արագածոտն,40.3475685,44.2536332
"ՖԵՐԻԿ, ԱՐՄԱՎԻՐ",6.0,65.0,78.0,78.0,69.0,28.0,19.0,7.0,Ֆերիկ,Արմավիր,40.1872901,44.2093828
"ՖԻՈԼԵՏՈՎՈ, ԼՈՌԻ",19.0,204.0,198.0,137.0,162.0,118.0,24.0,34.0,Ֆիոլետովո,Լոռի,40.7192871,44.7147619
